2021-04-14,81065746.0,328.28
2021-04-15,39777858.0,322.75
2021-04-16,22654542.0,342.0
2021-04-19,11405556.0,333.0
2021-04-20,18082257.0,320.82
2021-04-21,10103896.0,311.92
2021-04-22,14991941.0,293.45
2021-04-23,9891146.0,291.6
2021-04-26,6330230.0,304.54
2021-04-27,3901957.0,302.0
2021-04-28,2746079.0,298.05
2021-04-29,2845798.0,294.77
2021-04-30,3997384.0,297.64
2021-05-03,3333846.0,294.21
2021-05-04,5707704.0,280.66
2021-05-05,5074631.0,273.0
2021-05-06,8342002.0,256.76
2021-05-07,4243741.0,263.7
2021-05-10,10268641.0,293.45
2021-05-11,7456019.0,303.0
2021-05-12,7214195.0,283.61
2021-05-13,11226843.0,265.1
2021-05-14,11751752.0,258.37
2021-05-17,8828143.0,248.24
2021-05-18,7852101.0,239.0
2021-05-19,16765954.0,224.8
2021-05-20,10386891.0,233.4
2021-05-21,7554937.0,224.35
2021-05-24,10185621.0,225.3
2021-05-25,11827823.0,242.41
2021-05-26,6602815.0,241.52
2021-05-27,5083274.0,247.09
2021-05-28,5091479.0,236.54
2021-06-01,3962697.0,238.93
2021-06-02,3383753.0,240.48
2021-06-03,3091112.0,233.66
2021-06-04,3775123.0,228.79
2021-06-07,2658314.0,231.45
2021-06-08,6015772.0,220.66
2021-06-09,6865914.0,224.32
2021-06-10,3955294.0,221.85
2021-06-11,2383458.0,223.92
2021-06-14,6151688.0,239.1
2021-06-15,3007899.0,232.21
2021-06-16,2853257.0,228.05
2021-06-17,2589611.0,230.66
2021-06-18,3265165.0,229.29
2021-06-21,4687569.0,222.6
2021-06-22,6206112.0,222.47
2021-06-23,3394664.0,226.01
2021-06-24,2857722.0,229.93
2021-06-25,2506957.0,224.54
2021-06-28,7449035.0,246.69
2021-06-29,7867552.0,254.9
2021-06-30,4143487.0,253.3
2021-07-01,3627357.0,241.44
2021-07-02,2328028.0,240.72
2021-07-06,2212615.0,235.41
2021-07-07,4804431.0,251.97
2021-07-08,4349961.0,244.29
2021-07-09,4457367.0,253.88
2021-07-12,2222085.0,247.67
2021-07-13,3307965.0,243.31
2021-07-14,4808426.0,229.94
2021-07-15,3635910.0,224.63
2021-07-16,3373060.0,225.01
2021-07-19,3149313.0,220.61
2021-07-20,3104775.0,224.96
2021-07-21,3677370.0,230.87
2021-07-22,2551694.0,226.08
2021-07-23,1574726.0,224.92
2021-07-26,7615718.0,245.45
2021-07-27,5636360.0,235.08
2021-07-28,2065223.0,241.75
2021-07-29,2413569.0,235.78
2021-07-30,2041063.0,236.58
2021-08-02,2151346.0,235.4
2021-08-03,2850545.0,230.18
2021-08-04,3684694.0,244.36
2021-08-05,6017849.0,255.5
2021-08-06,5579943.0,258.26
2021-08-09,8892383.0,280.47
2021-08-10,7723436.0,269.67
2021-08-11,13998306.0,278.4
2021-08-12,8266747.0,256.5
2021-08-13,4388845.0,261.25
2021-08-16,3241136.0,256.83
2021-08-17,3101977.0,250.8
2021-08-18,2564969.0,244.39
2021-08-19,3247230.0,248.24
2021-08-20,4031097.0,257.32
2021-08-23,5705279.0,256.0
2021-08-24,3982757.0,259.28
2021-08-25,2675110.0,256.77
2021-08-26,3038888.0,248.54
2021-08-27,3201369.0,259.12
2021-08-30,2687570.0,262.66
2021-08-31,2493804.0,259.0
2021-09-01,4789631.0,265.9
2021-09-02,3736924.0,268.18
2021-09-03,4438250.0,278.44
2021-09-07,5173032.0,266.81
2021-09-08,4507574.0,258.2
2021-09-09,3074527.0,256.42
2021-09-10,3191273.0,248.32
2021-09-13,4021434.0,242.84
2021-09-14,2748872.0,243.0
2021-09-15,2148260.0,247.07
2021-09-16,2596793.0,243.21
2021-09-17,2947971.0,245.19
2021-09-20,4192592.0,236.53
2021-09-21,2174748.0,238.46
2021-09-22,1660175.0,241.85
2021-09-23,3151330.0,237.5
2021-09-24,3699987.0,231.82
2021-09-27,3234810.0,232.24
2021-09-28,3231210.0,229.84
2021-09-29,2547285.0,225.28
2021-09-30,2522537.0,227.48
2021-10-01,3457269.0,231.15
2021-10-04,2591132.0,229.31
2021-10-05,2994406.0,240.09
2021-10-06,5747679.0,250.38
2021-10-07,3213151.0,251.59
2021-10-08,2873719.0,248.14
2021-10-11,4945286.0,256.5
2021-10-12,3971908.0,249.33
2021-10-13,2886897.0,246.78
2021-10-14,6307081.0,260.0
2021-10-15,9517534.0,280.61
2021-10-18,11801121.0,293.34
2021-10-19,14785678.0,305.63
2021-10-20,10315292.0,314.71
2021-10-21,8289150.0,300.01
2021-10-22,5437345.0,300.84
2021-10-25,8444881.0,325.54
2021-10-26,7635766.0,319.49
2021-10-27,5253293.0,311.67
2021-10-28,5952310.0,319.13
2021-10-29,3766383.0,319.42
2021-11-01,6235627.0,330.99
2021-11-02,6046956.0,336.34
2021-11-03,4809761.0,344.38
2021-11-04,5893705.0,344.45
2021-11-05,3527615.0,337.05
2021-11-08,8531091.0,353.92
2021-11-09,9044071.0,357.39
2021-11-10,15168856.0,328.6
2021-11-11,4905822.0,336.39
2021-11-12,4442125.0,342.98
2021-11-15,4465702.0,345.36
2021-11-16,4128078.0,342.12
2021-11-17,3772131.0,346.52
2021-11-18,5408786.0,323.57
2021-11-19,3687652.0,332.55
2021-11-22,5013637.0,315.48
2021-11-23,3469582.0,317.2
2021-11-24,2759755.0,312.38
2021-11-26,2678688.0,303.19
2021-11-29,4159701.0,319.39
2021-11-30,7168355.0,315.0
2021-12-01,4278100.0,294.5
2021-12-02,4625052.0,284.71
2021-12-03,7271065.0,265.65
2021-12-06,5366366.0,263.24
2021-12-07,4648218.0,286.42
2021-12-08,2495937.0,287.48
2021-12-09,5394557.0,263.91
2021-12-10,5062115.0,255.76
2021-12-13,3410449.0,251.37
2021-12-14,3866603.0,255.86
2021-12-15,4623492.0,258.3
2021-12-16,3346623.0,247.17
2021-12-17,4420273.0,243.35
2021-12-20,3572210.0,238.05
2021-12-21,2776472.0,247.69
2021-12-22,3779126.0,254.55
2021-12-23,4106052.0,268.15
2021-12-27,4458617.0,280.27
2021-12-28,4372818.0,261.33
2021-12-29,3474312.0,252.6
2021-12-30,2887587.0,256.79
2021-12-31,2349441.0,252.37
2022-01-03,3363202.0,251.05
2022-01-04,3652562.0,250.15
2022-01-05,5196254.0,234.23
2022-01-06,5236023.0,234.0
2022-01-07,3311993.0,232.33
2022-01-10,6800758.0,225.01
2022-01-11,5559968.0,237.23
2022-01-12,3937013.0,234.7
2022-01-13,3814065.0,228.23
2022-01-14,4325586.0,230.03
2022-01-18,3467075.0,222.0
2022-01-19,2958542.0,219.5
2022-01-20,3691232.0,221.62
2022-01-21,13628293.0,191.97
2022-01-24,12999147.0,191.48
2022-01-25,6271264.0,185.63
2022-01-26,7566264.0,178.64
2022-01-27,5551899.0,170.2
2022-01-28,6475768.0,177.58
2022-01-31,4060455.0,190.15
2022-02-01,5159003.0,197.73
2022-02-02,3861718.0,187.37
2022-02-03,3417048.0,181.31
2022-02-04,4397868.0,194.44
2022-02-07,6668315.0,205.74
2022-02-08,4639061.0,208.73
2022-02-09,3811658.0,214.5
2022-02-10,4587434.0,204.77
2022-02-11,5054238.0,194.53
2022-02-14,4528089.0,195.25
2022-02-15,3714304.0,208.95
2022-02-16,3593552.0,207.96
2022-02-17,4740622.0,191.92
2022-02-18,4502229.0,189.16
2022-02-22,4393281.0,176.76
2022-02-23,3892472.0,172.74
2022-02-24,8133964.0,179.56
2022-02-25,6836807.0,176.83
2022-02-28,8036264.0,190.77
2022-03-01,7779188.0,196.17
2022-03-02,3414149.0,194.5
2022-03-03,3734379.0,178.03
2022-03-04,5861262.0,165.75
2022-03-07,4424038.0,161.14
2022-03-08,3840779.0,161.99
2022-03-09,4945198.0,178.97
2022-03-10,2670643.0,172.97
2022-03-11,3660530.0,160.07
2022-03-14,4450007.0,153.19
2022-03-15,4245352.0,155.98
2022-03-16,5974284.0,172.53
2022-03-17,2975921.0,177.22
2022-03-18,4613920.0,185.94
2022-03-21,4144672.0,176.81
2022-03-22,4055733.0,186.08
2022-03-23,2311942.0,183.11
2022-03-24,3536524.0,190.19
2022-03-25,3584038.0,186.71
2022-03-28,6623976.0,201.41
2022-03-29,4811453.0,204.53
2022-03-30,3775930.0,196.7
2022-03-31,2999155.0,189.86
2022-04-01,2975933.0,186.96
2022-04-04,2495856.0,191.65
2022-04-05,4986643.0,177.17
2022-04-06,4675252.0,166.84
2022-04-07,3093646.0,166.19
2022-04-08,2950965.0,160.94
2022-04-11,4305772.0,153.87
2022-04-12,4654416.0,149.85
2022-04-13,3740506.0,154.79
2022-04-14,4082228.0,147.29
2022-04-18,4668692.0,145.16
2022-04-19,2915996.0,151.27
2022-04-20,3440405.0,147.13
2022-04-21,6252855.0,137.32
2022-04-22,5162150.0,131.52
2022-04-25,4066524.0,135.14
2022-04-26,3636084.0,127.15
2022-04-27,4658455.0,122.55
2022-04-28,8070894.0,122.69
2022-04-29,5760916.0,112.71
2022-05-02,6229416.0,121.34
2022-05-03,5053170.0,123.56
2022-05-04,6460331.0,130.15
2022-05-05,7324390.0,114.25
2022-05-06,9026454.0,103.74
2022-05-09,16845410.0,83.51
2022-05-10,31780044.0,72.99
2022-05-11,67080210.0,53.72
2022-05-12,58789009.0,58.5
2022-05-13,38264813.0,67.87
2022-05-16,18685889.0,61.7
2022-05-17,15868005.0,70.0
2022-05-18,17422703.0,63.03
2022-05-19,15410061.0,67.42
2022-05-20,15166300.0,66.15
2022-05-23,12055671.0,66.1
2022-05-24,10714877.0,61.36
2022-05-25,11061966.0,67.17
2022-05-26,12000226.0,69.87
2022-05-27,14112792.0,75.32
2022-05-31,22623167.0,78.1
2022-06-01,14608492.0,68.63
2022-06-02,8643601.0,73.82
2022-06-03,10213584.0,66.69
2022-06-06,9352377.0,70.67
2022-06-07,8485074.0,69.57
2022-06-08,6276638.0,69.2
2022-06-09,9349323.0,63.76
2022-06-10,11001124.0,58.71
2022-06-13,28961424.0,52.01
2022-06-14,17430264.0,51.58
2022-06-15,16340087.0,55.01
2022-06-16,13157743.0,51.05
2022-06-17,11771005.0,51.22
2022-06-21,16916242.0,57.49
2022-06-22,18947676.0,51.91
2022-06-23,15840689.0,58.88
2022-06-24,24381357.0,62.71
2022-06-27,15201607.0,55.96
2022-06-28,10277178.0,51.18
2022-06-29,9776155.0,49.75
2022-06-30,12934359.0,47.02
2022-07-01,8556521.0,49.04
2022-07-05,13113668.0,55.41
2022-07-06,11881899.0,51.71
2022-07-07,12318519.0,57.46
2022-07-08,17950500.0,60.29
2022-07-11,10750821.0,53.88
2022-07-12,8466218.0,54.24
2022-07-13,9439934.0,53.1
2022-07-14,9682070.0,53.42
2022-07-15,10714321.0,53.79
2022-07-18,21226156.0,58.67
2022-07-19,19210643.0,65.83
2022-07-20,34031955.0,75.27
2022-07-21,17301194.0,73.98
2022-07-22,12013281.0,70.82
2022-07-25,8797556.0,67.07
2022-07-26,26875839.0,52.93
2022-07-27,18230196.0,58.83
2022-07-28,13674813.0,62.25
2022-07-29,9113752.0,62.96
2022-08-01,7361252.0,62.7
2022-08-02,12142089.0,67.23
2022-08-03,24784175.0,80.81
2022-08-04,54342800.0,88.9
2022-08-05,24865731.0,93.05
2022-08-08,18878661.0,98.02
2022-08-09,17411400.0,87.68
2022-08-10,23818204.0,94.14
2022-08-11,23247255.0,84.0
2022-08-12,13755196.0,90.49
2022-08-15,11001934.0,91.97
2022-08-16,17055022.0,90.39
2022-08-17,10697919.0,85.44
2022-08-18,7923316.0,83.47
2022-08-19,13727856.0,74.06
2022-08-22,9082357.0,71.47
2022-08-23,9598286.0,71.18
2022-08-24,6675538.0,71.48
2022-08-25,8563518.0,71.37
2022-08-26,9797324.0,66.74
2022-08-29,7903271.0,66.34
2022-08-30,8293471.0,67.03
2022-08-31,6707941.0,66.8
2022-09-01,8046563.0,65.53
2022-09-02,6392835.0,65.26
2022-09-06,7442907.0,62.78
2022-09-07,8408351.0,68.25
2022-09-08,9241494.0,73.08
2022-09-09,15393378.0,80.87
2022-09-12,12554936.0,82.55
2022-09-13,11235328.0,75.25
2022-09-14,10840704.0,78.7
2022-09-15,10950143.0,77.23
2022-09-16,17088966.0,74.0
2022-09-19,13135272.0,69.93
2022-09-20,7974478.0,67.94
2022-09-21,12344591.0,67.64
2022-09-22,11084877.0,62.94
2022-09-23,10932912.0,61.88
2022-09-26,9562579.0,62.28
2022-09-27,11860469.0,63.05
2022-09-28,8482667.0,67.31
2022-09-29,11508191.0,61.94
2022-09-30,10210275.0,64.49
2022-10-03,10949180.0,65.95
2022-10-04,11881433.0,74.5
2022-10-05,9222677.0,72.97
2022-10-06,11103663.0,73.91
2022-10-07,11427931.0,67.0
2022-10-10,7713993.0,67.04
2022-10-11,17705645.0,70.16
2022-10-12,8998949.0,69.95
2022-10-13,18341964.0,69.26
2022-10-14,13711603.0,63.59
2022-10-17,11263274.0,69.17
2022-10-18,13874738.0,66.21
2022-10-19,8601141.0,63.19
2022-10-20,8938669.0,63.59
2022-10-21,9156365.0,66.38
2022-10-24,8111715.0,66.39
2022-10-25,14446936.0,75.05
2022-10-26,14148193.0,73.81
2022-10-27,5967614.0,72.47
2022-10-28,7372115.0,72.07
2022-10-31,10648406.0,66.25
2022-11-01,8238178.0,63.29
2022-11-02,12700860.0,60.71
2022-11-03,14238794.0,55.8
2022-11-04,18901356.0,58.82
2022-11-07,13659109.0,56.97
2022-11-08,61868168.0,50.83
2022-11-09,42274174.0,45.98
2022-11-10,30695388.0,50.92
2022-11-11,30584528.0,57.46
2022-11-14,16150903.0,53.22
2022-11-15,14805294.0,55.53
2022-11-16,24054683.0,48.83
2022-11-17,17974650.0,48.79
2022-11-18,20287264.0,45.26
2022-11-21,22381981.0,41.23
2022-11-22,20783082.0,43.39
2022-11-23,14665807.0,45.57
2022-11-25,6451508.0,44.28
2022-11-28,10518516.0,42.51
2022-11-29,9090624.0,43.11
2022-11-30,15562746.0,45.73
2022-12-01,11579372.0,45.27
2022-12-02,10372090.0,47.67
2022-12-05,11228347.0,46.0
2022-12-06,12156145.0,42.41
2022-12-07,10824527.0,41.26
2022-12-08,9361800.0,42.81
2022-12-09,10030234.0,40.24
2022-12-12,9962641.0,42.6
2022-12-13,20558271.0,38.69
2022-12-14,16117596.0,40.19
2022-12-15,12013423.0,37.98
2022-12-16,18247429.0,36.6
2022-12-19,11168297.0,35.17
2022-12-20,9833235.0,34.97
2022-12-21,6998619.0,35.15
2022-12-22,10335668.0,34.59
2022-12-23,8222704.0,35.49
2022-12-27,10940800.0,32.65
2022-12-28,7839732.0,32.53
2022-12-29,7675479.0,34.78
2022-12-30,8397944.0,35.39
2023-01-03,8514288.0,33.6
2023-01-04,17737392.0,37.7
2023-01-05,16934523.0,33.53
2023-01-06,15527836.0,33.26
2023-01-09,18904120.0,38.27
2023-01-10,24496650.0,43.23
2023-01-11,16152705.0,43.79
2023-01-12,20514692.0,47.55
2023-01-13,22437767.0,49.98
2023-01-17,23521226.0,54.14
2023-01-18,24905714.0,50.21
2023-01-19,14073270.0,49.42
2023-01-20,15433938.0,55.16
2023-01-23,17736412.0,55.96
2023-01-24,12413942.0,53.55
2023-01-25,13343567.0,52.76
2023-01-26,12614909.0,53.02
2023-01-27,24430999.0,61.37
2023-01-30,14553912.0,56.16
2023-01-31,14751638.0,58.48
2023-02-01,18840780.0,65.7
2023-02-02,43911166.0,81.46
2023-02-03,37125516.0,74.63
2023-02-06,17998386.0,74.59
2023-02-07,19819664.0,71.42
2023-02-08,11626528.0,69.44
2023-02-09,23920247.0,59.63
2023-02-10,17359921.0,57.09
2023-02-13,14435886.0,56.4
2023-02-14,23945786.0,59.03
2023-02-15,25726719.0,69.34
2023-02-16,31704828.0,65.59
2023-02-17,23252183.0,65.2
2023-02-21,19845681.0,62.07
2023-02-22,32937546.0,61.18
2023-02-23,16698489.0,62.36
2023-02-24,14546162.0,58.44
2023-02-27,13043035.0,58.96
2023-02-28,24843894.0,64.83
2023-03-01,15827077.0,64.67
2023-03-02,18122714.0,63.7
2023-03-03,17578962.0,64.51
2023-03-06,19826090.0,62.77
2023-03-07,15821515.0,61.89
2023-03-08,15427824.0,63.01
2023-03-09,20996595.0,58.09
2023-03-10,25743814.0,53.44
2023-03-13,31431946.0,59.17
2023-03-14,25167751.0,62.65
2023-03-15,20825703.0,64.47
2023-03-16,15522943.0,67.78
2023-03-17,31006175.0,74.98
2023-03-20,19026423.0,75.14
2023-03-21,22991862.0,83.99
2023-03-22,24463224.0,77.14
2023-03-23,43152803.0,66.3
2023-03-24,21641914.0,67.83
2023-03-27,23531291.0,62.54
2023-03-28,11635869.0,63.04
2023-03-29,17673750.0,65.3
2023-03-30,11563092.0,64.16
2023-03-31,15926632.0,67.57
2023-04-03,14040299.0,63.61
2023-04-04,11654422.0,62.54
2023-04-05,10788873.0,60.78
2023-04-06,11875179.0,61.44
2023-04-10,14391788.0,66.13
2023-04-11,25348828.0,70.19
2023-04-12,16773426.0,67.84
2023-04-13,19718505.0,68.95
2023-04-14,12887231.0,69.91
2023-04-17,13313091.0,67.72
2023-04-18,14835521.0,67.26
2023-04-19,10326964.0,64.44
2023-04-20,11452943.0,60.5
2023-04-21,13235111.0,59.04
2023-04-24,21135715.0,54.75
2023-04-25,14383348.0,55.55
2023-04-26,16623661.0,53.89
2023-04-27,12010873.0,54.17
2023-04-28,11629806.0,53.79
2023-05-01,18437873.0,50.14
2023-05-02,16778436.0,51.32
2023-05-03,13325571.0,48.49
2023-05-04,13044369.0,49.22
2023-05-05,25585625.0,58.24
2023-05-08,15259408.0,58.1
2023-05-09,9641197.0,60.21
2023-05-10,15481325.0,62.64
2023-05-11,8843509.0,60.35
2023-05-12,9110955.0,57.34
2023-05-15,9429328.0,60.77
2023-05-16,7867880.0,57.88
2023-05-17,8998361.0,61.04
2023-05-18,8330306.0,60.26
2023-05-19,12520676.0,56.78
2023-05-22,12683378.0,61.07
2023-05-23,12208242.0,59.1
2023-05-24,8198333.0,58.36
2023-05-25,7997440.0,56.87
2023-05-26,7804165.0,56.92
2023-05-30,14814243.0,61.17
2023-05-31,10074855.0,62.2
2023-06-01,11729020.0,63.57
2023-06-02,8630810.0,64.55
2023-06-05,26413166.0,58.7
2023-06-06,56259861.0,51.61
2023-06-07,18905532.0,53.26
2023-06-08,12773645.0,54.9
2023-06-09,14394338.0,53.28
2023-06-12,12493104.0,50.56
2023-06-13,11560753.0,52.4
2023-06-14,11241242.0,53.9
2023-06-15,11801737.0,54.25
2023-06-16,13754214.0,55.59
2023-06-20,14143490.0,57.09
2023-06-21,20569712.0,58.1
2023-06-22,12837373.0,57.49
2023-06-23,26088580.0,61.47
2023-06-26,20724091.0,61.94
2023-06-27,25447368.0,69.89
2023-06-28,23086222.0,70.75
2023-06-29,14730505.0,72.43
2023-06-30,24593992.0,71.55
2023-07-03,19891740.0,79.93
2023-07-05,14670031.0,78.35
2023-07-06,11152249.0,78.1
2023-07-07,13275505.0,78.72
2023-07-10,10739693.0,81.21
2023-07-11,35672125.0,89.15
2023-07-12,16752344.0,85.95
2023-07-13,65424442.0,107.0
2023-07-14,42266315.0,105.31
2023-07-17,19191353.0,105.55
2023-07-18,17582052.0,104.59
2023-07-19,15920844.0,110.15
2023-07-20,15274615.0,101.26
2023-07-21,10481797.0,100.82
2023-07-24,9764818.0,98.85
2023-07-25,7726033.0,97.68
2023-07-26,6575750.0,99.75
2023-07-27,12232290.0,92.69
2023-07-28,7236581.0,94.76
2023-07-31,8492950.0,98.61
2023-08-01,11616436.0,94.15
2023-08-02,10666181.0,90.43
2023-08-03,10438098.0,90.75
2023-08-04,13219575.0,87.31
2023-08-07,10019503.0,85.96
2023-08-08,8986927.0,88.04
2023-08-09,7987133.0,84.34
2023-08-10,7697578.0,83.39
2023-08-11,5791118.0,81.01
2023-08-14,5753481.0,80.81
2023-08-15,7397347.0,79.18
2023-08-16,10140200.0,79.0
2023-08-17,9261576.0,75.56
2023-08-18,10011839.0,73.19
2023-08-21,7514932.0,75.28
2023-08-22,6336025.0,74.9
2023-08-23,6460850.0,77.78
2023-08-24,5585704.0,73.66
2023-08-25,5136790.0,74.26
2023-08-28,4043754.0,73.71
2023-08-29,24067342.0,84.7
2023-08-30,9448025.0,83.83
2023-08-31,8466425.0,79.6
2023-09-01,6676523.0,77.99
2023-09-05,4949006.0,77.5
2023-09-06,6636170.0,78.04
2023-09-07,6424048.0,81.79
2023-09-08,5689710.0,82.09
2023-09-11,7220697.0,80.62
2023-09-12,10519254.0,81.32
2023-09-13,5925739.0,79.86
2023-09-14,7145133.0,83.45
2023-09-15,6272263.0,82.15
2023-09-18,6246696.0,81.61
2023-09-19,7567368.0,78.13
2023-09-20,5467101.0,76.67
2023-09-21,6543911.0,74.42
2023-09-22,6321573.0,70.96
2023-09-25,5057460.0,71.75
2023-09-26,5168151.0,70.52
2023-09-27,5324560.0,71.52
2023-09-28,8252398.0,75.16
2023-09-29,5747236.0,75.08
2023-10-02,9709327.0,75.31
2023-10-03,5815497.0,72.48
2023-10-04,7613659.0,73.47
2023-10-05,6229265.0,74.62
2023-10-06,7931250.0,78.46
2023-10-09,5631270.0,79.1
2023-10-10,5645077.0,79.62
2023-10-11,6474139.0,77.35
2023-10-12,5338642.0,75.19
2023-10-13,6163592.0,73.43
2023-10-16,12608642.0,75.21
2023-10-17,7459543.0,77.46
2023-10-18,5123350.0,73.93
2023-10-19,5391198.0,73.1
2023-10-20,8423324.0,74.66
2023-10-23,13635694.0,77.21
2023-10-24,23689528.0,82.07
2023-10-25,13773156.0,77.79
2023-10-26,8294499.0,74.61
2023-10-27,9010568.0,70.78
2023-10-30,6454608.0,73.6
2023-10-31,6334625.0,77.12
2023-11-01,6878582.0,77.81
2023-11-02,12596230.0,84.6
2023-11-03,12193525.0,85.8
2023-11-06,9881917.0,86.37
2023-11-07,6762266.0,89.07
2023-11-08,7286011.0,88.32
2023-11-09,20941380.0,92.86
2023-11-10,9853318.0,92.92
2023-11-13,8860361.0,92.64
2023-11-14,10137685.0,92.09
2023-11-15,11968933.0,98.15
2023-11-16,7073846.0,96.92
2023-11-17,7373822.0,99.05
2023-11-20,10982256.0,106.1
2023-11-21,9348226.0,105.49
2023-11-22,10356518.0,109.25
2023-11-24,11654562.0,115.54
2023-11-27,14205949.0,119.77
2023-11-28,17639131.0,128.27
2023-11-29,13908808.0,127.82
2023-11-30,14074010.0,124.72
2023-12-01,13693520.0,133.76
2023-12-04,21561895.0,141.09
2023-12-05,18303393.0,140.2
2023-12-06,12439231.0,134.63
2023-12-07,9795672.0,136.19
2023-12-08,12023554.0,146.62
2023-12-11,12160377.0,138.02
2023-12-12,8303476.0,139.62
2023-12-13,12514886.0,150.46
2023-12-14,12095076.0,153.63
2023-12-15,11802287.0,147.9
2023-12-18,9959902.0,153.43
2023-12-19,13832038.0,161.16
2023-12-20,16021890.0,161.86
2023-12-21,12081482.0,168.03
2023-12-22,15832867.0,175.48
2023-12-26,12544846.0,172.05
2023-12-27,15427189.0,185.24
2023-12-28,17276287.0,186.36
2023-12-29,19724384.0,173.92
2024-01-02,26549365.0,156.88
2024-01-03,18573798.0,152.24
2024-01-04,14874267.0,155.6
2024-01-05,10795336.0,153.98
2024-01-08,18125703.0,159.42
2024-01-09,12959726.0,151.99
2024-01-10,18718224.0,151.29
2024-01-11,31754164.0,141.16
2024-01-12,20392801.0,130.78
2024-01-16,14789707.0,133.88
2024-01-17,8133091.0,133.86
2024-01-18,14519463.0,124.34
2024-01-19,16692645.0,124.75
2024-01-22,12042647.0,128.21
2024-01-23,9737109.0,124.19
2024-01-24,8710503.0,121.34
2024-01-25,8166361.0,121.01
2024-01-26,13956345.0,125.2
2024-01-29,17813660.0,132.82
2024-01-30,8745746.0,130.82
2024-01-31,9838769.0,128.2
2024-02-01,8464275.0,128.95
2024-02-02,6109963.0,129.22
2024-02-05,13067336.0,117.3
2024-02-06,6740590.0,119.79
2024-02-07,8985106.0,122.07
2024-02-08,11315872.0,132.55
2024-02-09,15985064.0,141.99
2024-02-12,10977082.0,147.31
2024-02-13,9568838.0,140.39
2024-02-14,18041752.0,160.38
2024-02-15,22992818.0,165.67
2024-02-16,33233298.0,180.31
2024-02-20,16196519.0,173.3
2024-02-21,10689582.0,162.41
2024-02-22,9027267.0,170.91
2024-02-23,7191183.0,165.98
2024-02-26,22593709.0,193.94
2024-02-27,22679097.0,199.22
2024-02-28,25397116.0,200.8
2024-02-29,16237764.0,203.56
2024-03-01,9297387.0,205.77
2024-03-04,23294868.0,229.15
2024-03-05,23863310.0,216.77
2024-03-06,17936728.0,238.55
2024-03-07,10609304.0,242.62
2024-03-08,21883953.0,256.62
2024-03-11,20077217.0,254.17
2024-03-12,14137551.0,256.14
2024-03-13,17116910.0,251.73
2024-03-14,18382476.0,233.67
2024-03-15,17256270.0,242.36
2024-03-18,9734544.0,239.62
2024-03-19,12928500.0,230.12
2024-03-20,13834342.0,256.88
2024-03-21,16199858.0,262.0
2024-03-22,9828192.0,255.51
2024-03-25,13941661.0,279.71
2024-03-26,10316202.0,266.81
2024-03-27,11092626.0,256.7
2024-03-28,11201564.0,265.12
2024-04-01,9580480.0,252.11
2024-04-02,8739238.0,245.84
2024-04-03,6567091.0,251.58
2024-04-04,8034164.0,249.61
2024-04-05,8194998.0,240.9
2024-04-08,9881184.0,256.99
2024-04-09,7706137.0,242.95
2024-04-10,8416023.0,250.99
2024-04-11,8655112.0,263.01
2024-04-12,9051648.0,245.75
2024-04-15,11239787.0,223.41
2024-04-16,16472144.0,218.83
2024-04-17,9440213.0,213.78
2024-04-18,9403920.0,218.08
2024-04-19,9363985.0,211.01
2024-04-22,8207010.0,225.86
2024-04-23,7338353.0,236.43
2024-04-24,6737434.0,224.37
2024-04-25,5143505.0,223.61
2024-04-26,6044874.0,236.32
2024-04-29,9576110.0,218.16
2024-04-30,9127863.0,203.93
2024-05-01,10191466.0,210.09
2024-05-02,12454215.0,228.85
2024-05-03,13739132.0,223.25
2024-05-06,9690593.0,226.93
2024-05-07,8169566.0,214.34
2024-05-08,4615442.0,211.2
2024-05-09,4649731.0,210.45
2024-05-10,7423528.0,200.92
2024-05-13,7542161.0,199.51
2024-05-14,5356047.0,203.05
2024-05-15,9339278.0,219.91
2024-05-16,12185482.0,199.17
2024-05-17,8688627.0,207.6
2024-05-20,11223310.0,225.19
2024-05-21,10704505.0,225.78
2024-05-22,8933689.0,231.51
2024-05-23,9428333.0,218.86
2024-05-24,10249246.0,237.65
2024-05-28,10843128.0,245.0
2024-05-29,6801950.0,236.65
2024-05-30,9349187.0,234.76
2024-05-31,10123077.0,225.92
2024-06-03,7333118.0,231.39
2024-06-04,10854296.0,244.2
2024-06-05,9383502.0,251.4
2024-06-06,9494574.0,257.08
2024-06-07,9315341.0,244.16
2024-06-10,6344848.0,249.81
2024-06-11,8991286.0,244.2
2024-06-12,11134677.0,254.96
2024-06-13,8666222.0,247.64
2024-06-14,7146478.0,244.5
2024-06-17,6662888.0,245.1
2024-06-18,6198915.0,235.95
2024-06-20,6888927.0,235.03
2024-06-21,11385791.0,225.86
2024-06-24,10761957.0,212.31
2024-06-25,8067068.0,221.71
2024-06-26,6574922.0,214.58
2024-06-27,5641211.0,224.0
2024-06-28,10944920.0,222.23
2024-07-01,7739846.0,233.37
2024-07-02,4407039.0,227.51
2024-07-03,3241672.0,224.94
2024-07-05,10148535.0,223.68
2024-07-08,5615247.0,220.56
2024-07-09,5357306.0,219.97
2024-07-10,4481941.0,219.56
2024-07-11,7037917.0,214.63
2024-07-12,4949046.0,218.02
2024-07-15,14439465.0,242.85
2024-07-16,10270722.0,251.49
2024-07-17,8883291.0,249.1
2024-07-18,8848527.0,233.24
2024-07-19,12501856.0,257.79
2024-07-22,11282196.0,265.15
2024-07-23,9275617.0,257.63
2024-07-24,8141082.0,245.06
2024-07-25,8482505.0,231.52
2024-07-26,7917446.0,242.93
2024-07-29,9467677.0,234.2
2024-07-30,6053909.0,224.46
2024-07-31,4771650.0,224.36
2024-08-01,8920020.0,212.64
2024-08-02,10063929.0,204.44
2024-08-05,18734646.0,189.47
2024-08-06,7050554.0,194.17
2024-08-07,8324432.0,178.91
2024-08-08,7421563.0,192.32
2024-08-09,5255873.0,196.29
2024-08-12,5742782.0,191.74
2024-08-13,4795479.0,197.94
2024-08-14,5027037.0,195.96
2024-08-15,6068323.0,197.12
2024-08-16,6240504.0,205.31
2024-08-19,6304182.0,204.46
2024-08-20,12353738.0,197.25
2024-08-21,7502443.0,206.23
2024-08-22,5284897.0,198.43
2024-08-23,8304223.0,211.4
2024-08-26,5437092.0,204.0
2024-08-27,5992876.0,198.3
2024-08-28,4995742.0,190.2
2024-08-29,3841810.0,188.28
2024-08-30,7307184.0,183.36
2024-09-03,9746643.0,169.13
2024-09-04,7714052.0,163.22
2024-09-05,5732706.0,159.7
2024-09-06,11026602.0,147.35
2024-09-09,9256668.0,155.05
2024-09-10,5824762.0,158.46
2024-09-11,6417381.0,157.15
2024-09-12,6697238.0,162.89
2024-09-13,5953642.0,163.05
2024-09-16,4686237.0,161.5
2024-09-17,5225172.0,162.45
2024-09-18,5027374.0,162.64
2024-09-19,9299066.0,168.24
2024-09-20,8152342.0,170.09
2024-09-23,4933242.0,170.22
2024-09-24,6035486.0,171.68
2024-09-25,5359903.0,167.08
2024-09-26,12455160.0,179.93
2024-09-27,10563371.0,191.23
2024-09-30,11739577.0,178.17
2024-10-01,15210465.0,165.01
2024-10-02,7881090.0,164.47
2024-10-03,4298586.0,163.1
2024-10-04,6874436.0,170.91
2024-10-07,6797536.0,168.92
2024-10-08,5696090.0,167.69
2024-10-09,5725046.0,166.97
2024-10-10,5379854.0,164.27
2024-10-11,10767071.0,176.38
2024-10-14,18131377.0,196.35
2024-10-15,17324804.0,196.34
2024-10-16,13969969.0,210.48
2024-10-17,8908025.0,204.2
2024-10-18,13569592.0,220.21
2024-10-21,12686426.0,213.72
2024-10-22,7485083.0,210.72
2024-10-23,10350138.0,198.93
2024-10-24,9925395.0,209.16
2024-10-25,9261318.0,205.04
2024-10-28,10458713.0,216.1
2024-10-29,11542187.0,219.66
2024-10-30,9515860.0,211.74
2024-10-31,18892021.0,179.25
2024-11-01,14443372.0,182.88
2024-11-04,11348805.0,186.27
2024-11-05,9950753.0,193.96
2024-11-06,35456033.0,254.31
2024-11-07,16655328.0,255.58
2024-11-08,17431714.0,270.74
2024-11-11,42437496.0,324.24
2024-11-12,24819575.0,319.13
2024-11-13,27997385.0,284.72
2024-11-14,17375321.0,278.84
2024-11-15,18020587.0,305.85
2024-11-18,25713700.0,325.41
2024-11-19,13447870.0,324.57
2024-11-20,22875208.0,320.01
2024-11-21,25187378.0,295.23
2024-11-22,12187194.0,304.64
2024-11-25,14645910.0,312.22
2024-11-26,13215743.0,293.29
2024-11-27,13290830.0,310.98
2024-11-29,9550236.0,296.2
2024-12-02,11221114.0,302.4
2024-12-03,10069342.0,309.35
2024-12-04,15798008.0,330.94
2024-12-05,19769913.0,320.57
2024-12-06,16759232.0,343.62
2024-12-09,16974808.0,310.52
2024-12-10,11930554.0,302.42
2024-12-11,10253357.0,313.81
2024-12-12,8324441.0,312.96
2024-12-13,5832592.0,310.58
2024-12-16,11461361.0,315.31
2024-12-17,7440580.0,311.64
2024-12-18,12615166.0,279.86
2024-12-19,11708602.0,273.92
2024-12-20,10009833.0,278.71
2024-12-23,6853452.0,268.15
2024-12-24,4805053.0,279.62
2024-12-26,4419780.0,274.41
2024-12-27,5553958.0,265.71
2024-12-30,7727062.0,255.56
2024-12-31,5414921.0,248.3
2025-01-02,6289520.0,257.21
2025-01-03,5990830.0,270.65
2025-01-06,10834985.0,287.76
2025-01-07,11614723.0,264.33
2025-01-08,5951138.0,260.01
2025-01-10,5579228.0,258.78
2025-01-13,7019454.0,251.2
2025-01-14,5704136.0,255.37
2025-01-15,9113854.0,274.93
2025-01-16,6751127.0,281.63
2025-01-17,11290135.0,295.48
2025-01-21,12912361.0,294.19
2025-01-22,6668857.0,295.85
2025-01-23,11534819.0,296.01
2025-01-24,9763288.0,298.0
2025-01-27,12238826.0,277.99
2025-01-28,4516627.0,281.82
2025-01-29,6255868.0,291.0
2025-01-30,8637528.0,301.3
2025-01-31,6534008.0,291.33
2025-02-03,9517730.0,284.41
2025-02-04,6013474.0,280.39
2025-02-05,5373185.0,275.14
2025-02-06,6717660.0,270.37
2025-02-07,7885553.0,274.49
2025-02-10,5521775.0,280.22
2025-02-11,6914996.0,266.9
2025-02-12,6362794.0,274.9
2025-02-13,18900225.0,298.11
2025-02-14,19269693.0,274.31
2025-02-18,11564805.0,264.63
2025-02-19,6813776.0,258.67
2025-02-20,6400698.0,256.59
2025-02-21,17195492.0,235.38
2025-02-24,12124972.0,227.07
2025-02-25,15192605.0,212.49
2025-02-26,7900637.0,212.96
2025-02-27,8082369.0,208.37
2025-02-28,9031205.0,215.62
2025-03-03,15997815.0,205.75
2025-03-04,13060876.0,212.55
2025-03-05,9581601.0,222.45
2025-03-06,8405387.0,214.17
2025-03-07,8615050.0,217.45
2025-03-10,18493580.0,179.23
2025-03-11,11382232.0,191.69
2025-03-12,9616785.0,191.73
2025-03-13,9559390.0,177.49
2025-03-14,9454350.0,183.12
2025-03-17,7216486.0,188.96
2025-03-18,7408224.0,181.14
2025-03-19,8194232.0,189.75
2025-03-20,6717964.0,190.38
2025-03-21,7344825.0,189.86
2025-03-24,9489458.0,203.04
2025-03-25,7877691.0,204.23
2025-03-26,7147921.0,193.95
2025-03-27,5426320.0,188.58
2025-03-28,10040219.0,173.93
2025-03-31,7781307.0,172.23
2025-04-01,5489688.0,174.52
2025-04-02,8208560.0,182.95
2025-04-03,9556230.0,170.76
2025-04-04,14570757.0,160.55
2025-04-07,13251702.0,157.28
2025-04-08,11117448.0,151.47
2025-04-09,15257952.0,177.09
2025-04-10,11196328.0,169.62
2025-04-11,7769267.0,175.5
2025-04-14,6427119.0,176.58
2025-04-15,5369511.0,175.57
2025-04-16,5226684.0,172.21
2025-04-17,5125340.0,175.03
2025-04-21,5054685.0,175.0
2025-04-22,12807010.0,190.0
2025-04-23,9870189.0,194.8
2025-04-24,6840552.0,203.87
2025-04-25,8060880.0,209.64
2025-04-28,7624239.0,205.27
2025-04-29,4254888.0,206.13
2025-04-30,4769427.0,202.89
2025-05-01,6243165.0,201.3
2025-05-02,6133292.0,204.93
2025-05-05,5108712.0,199.4
2025-05-06,4672601.0,196.89
2025-05-07,4857343.0,196.56
2025-05-08,14389953.0,206.5
2025-05-09,16384204.0,199.32
2025-05-12,14944202.0,207.22
2025-05-13,39119016.0,256.9
2025-05-14,18344716.0,263.41
2025-05-15,25917211.0,244.44
2025-05-16,72627546.0,266.46
2025-05-19,12437618.0,263.99
2025-05-20,8624570.0,261.38
2025-05-21,11747972.0,258.99
2025-05-22,15613719.0,271.95
2025-05-23,9290348.0,263.16
2025-05-27,7884467.0,266.4
2025-05-28,8305297.0,254.29
2025-05-29,7697224.0,248.84
2025-05-30,6070949.0,246.62
2025-06-02,6187956.0,246.72
2025-06-03,9946425.0,258.91
2025-06-04,6026838.0,256.0
2025-06-05,12017059.0,244.2
2025-06-06,7360213.0,251.27
2025-06-09,6064774.0,256.63
2025-06-10,5857966.0,254.94
2025-06-11,5986082.0,250.68
2025-06-12,7725301.0,241.05
2025-06-13,7062666.0,242.71
2025-06-16,12034651.0,261.57
2025-06-17,9050764.0,253.85
2025-06-18,37434259.0,295.29
2025-06-20,31348154.0,308.38
