2014-03-27,13100.0,558.46
2014-03-28,41100.0,559.99
2014-03-31,10800.0,556.97
2014-04-01,7900.0,567.16
2014-04-02,146700.0,567.0
2014-04-03,5085200.0,569.74
2014-04-04,6351900.0,543.14
2014-04-07,4389600.0,538.15
2014-04-08,3142600.0,554.9
2014-04-09,3321700.0,564.14
2014-04-10,4025800.0,540.95
2014-04-11,3914100.0,530.6
2014-04-14,2568000.0,532.52
2014-04-15,3844500.0,536.44
2014-04-16,4879900.0,556.54
2014-04-17,6790900.0,536.1
2014-04-21,2559700.0,528.62
2014-04-22,2358900.0,534.81
2014-04-23,2046700.0,526.94
2014-04-24,1878000.0,525.16
2014-04-25,2094600.0,516.18
2014-04-28,3326400.0,517.15
2014-04-29,2691700.0,527.7
2014-04-30,1746400.0,526.66
2014-05-01,1900300.0,531.35
2014-05-02,1683900.0,527.93
2014-05-05,1021300.0,527.81
2014-05-06,1684400.0,515.14
2014-05-07,3215500.0,509.96
2014-05-08,2015800.0,511.0
2014-05-09,2432800.0,518.73
2014-05-12,1907300.0,529.92
2014-05-13,1648900.0,533.09
2014-05-14,1188500.0,526.65
2014-05-15,1699700.0,519.98
2014-05-16,1481200.0,520.63
2014-05-19,1274300.0,528.86
2014-05-20,1779900.0,529.77
2014-05-21,1193000.0,538.94
2014-05-22,1611400.0,545.06
2014-05-23,1926900.0,552.7
2014-05-27,2098400.0,565.95
2014-05-28,1647500.0,561.68
2014-05-29,1350400.0,560.08
2014-05-30,1766300.0,559.89
2014-06-02,1431100.0,553.93
2014-06-03,1861500.0,544.94
2014-06-04,1811500.0,544.66
2014-06-05,1684500.0,553.9
2014-06-06,1732000.0,556.33
2014-06-09,1463500.0,562.12
2014-06-10,1348000.0,560.55
2014-06-11,1097100.0,558.84
2014-06-12,1454500.0,551.35
2014-06-13,1217200.0,551.76
2014-06-16,1697900.0,544.28
2014-06-17,1440600.0,543.01
2014-06-18,1737000.0,553.37
2014-06-19,2450100.0,554.9
2014-06-20,4496000.0,556.36
2014-06-23,1532600.0,564.95
2014-06-24,2201100.0,564.62
2014-06-25,1964000.0,578.65
2014-06-26,1737200.0,576.0
2014-06-27,2230800.0,577.24
2014-06-30,1310200.0,575.28
2014-07-01,1444000.0,582.67
2014-07-02,1053500.0,582.34
2014-07-03,712200.0,584.73
2014-07-07,1061700.0,582.25
2014-07-08,1904300.0,571.09
2014-07-09,1113700.0,576.08
2014-07-10,1353000.0,571.1
2014-07-11,1617300.0,579.18
2014-07-14,1849000.0,584.87
2014-07-15,1618600.0,584.78
2014-07-16,1393300.0,582.66
2014-07-17,3008300.0,573.73
2014-07-18,4003200.0,595.08
2014-07-21,2056500.0,589.47
2014-07-22,1694500.0,594.74
2014-07-23,1229800.0,595.98
2014-07-24,1032300.0,593.35
2014-07-25,929900.0,589.02
2014-07-28,984100.0,590.6
2014-07-29,1346200.0,585.61
2014-07-30,1013700.0,587.42
2014-07-31,2097000.0,571.6
2014-08-01,1949900.0,566.07
2014-08-04,1423400.0,573.15
2014-08-05,1547000.0,565.07
2014-08-06,1330700.0,566.37
2014-08-07,1107900.0,563.36
2014-08-08,1490700.0,568.77
2014-08-11,1211400.0,567.88
2014-08-12,1537800.0,562.73
2014-08-13,1437900.0,574.78
2014-08-14,982800.0,574.65
2014-08-15,1515000.0,573.48
2014-08-18,1280600.0,582.16
2014-08-19,976000.0,586.86
2014-08-20,1033900.0,584.49
2014-08-21,912300.0,583.37
2014-08-22,786900.0,582.56
2014-08-25,1357700.0,580.2
2014-08-26,1635200.0,577.86
2014-08-27,1698700.0,571.0
2014-08-28,1289400.0,569.2
2014-08-29,1080800.0,571.6
2014-09-02,1574100.0,577.33
2014-09-03,1211800.0,577.94
2014-09-04,1454200.0,581.98
2014-09-05,1627900.0,586.08
2014-09-08,1427100.0,589.72
2014-09-09,1283700.0,581.01
2014-09-10,974700.0,583.1
2014-09-11,1217700.0,581.35
2014-09-12,1597300.0,575.62
2014-09-15,1593200.0,573.1
2014-09-16,1476300.0,579.95
2014-09-17,1688200.0,584.77
2014-09-18,1440600.0,589.27
2014-09-19,3726400.0,596.08
2014-09-22,1684900.0,587.37
2014-09-23,1467400.0,581.13
2014-09-24,1721085.0,587.99
2014-09-25,1915643.0,575.06
2014-09-26,1439807.0,577.1
2014-09-29,1281204.0,576.36
2014-09-30,1618437.0,577.36
2014-10-01,1445027.0,568.27
2014-10-02,1175307.0,570.08
2014-10-03,1138636.0,575.28
2014-10-06,1211320.0,577.35
2014-10-07,1906427.0,563.74
2014-10-08,1987888.0,572.5
2014-10-09,2519693.0,560.88
2014-10-10,3078634.0,544.49
2014-10-13,2578676.0,533.21
2014-10-14,2217230.0,537.94
2014-10-15,3712536.0,530.03
2014-10-16,3698423.0,524.51
2014-10-17,5530674.0,511.17
2014-10-20,2605505.0,520.84
2014-10-21,2332531.0,526.54
2014-10-22,2917183.0,532.71
2014-10-23,2345296.0,543.98
2014-10-24,1972047.0,539.78
2014-10-27,1184973.0,540.77
2014-10-28,1273372.0,548.9
2014-10-29,1767107.0,549.33
2014-10-30,1451667.0,550.31
2014-10-31,2032887.0,559.08
2014-11-03,1378511.0,555.22
2014-11-04,1240761.0,554.11
2014-11-05,2026740.0,545.92
2014-11-06,1329604.0,542.04
2014-11-07,1629259.0,541.01
2014-11-10,1131546.0,547.49
2014-11-11,964866.0,550.29
2014-11-12,1126594.0,547.31
2014-11-13,1335719.0,545.38
2014-11-14,1285991.0,544.4
2014-11-17,1721282.0,536.51
2014-11-18,1957664.0,535.03
2014-11-19,1388440.0,536.99
2014-11-20,1559131.0,534.83
2014-11-21,2218249.0,537.5
2014-11-24,1701682.0,539.27
2014-11-25,1784967.0,541.08
2014-11-26,1519503.0,540.37
2014-11-28,1145231.0,541.83
2014-12-01,2109599.0,533.8
2014-12-02,1522481.0,533.75
2014-12-03,1279288.0,531.32
2014-12-04,1392208.0,537.31
2014-12-05,2558649.0,525.26
2014-12-08,2327127.0,526.98
2014-12-09,1871268.0,533.37
2014-12-10,1716835.0,526.06
2014-12-11,1610964.0,528.34
2014-12-12,1989117.0,518.66
2014-12-15,2812786.0,513.8
2014-12-16,3953371.0,495.39
2014-12-17,2875281.0,504.89
2014-12-18,2918730.0,511.1
2014-12-19,3680148.0,516.35
2014-12-22,2723599.0,524.87
2014-12-23,2191567.0,530.59
2014-12-24,704035.0,528.77
2014-12-26,1037727.0,534.03
2014-12-29,2276104.0,530.33
2014-12-30,873923.0,530.42
2014-12-31,1371819.0,526.4
2015-01-02,1446662.0,524.81
2015-01-05,2054238.0,513.87
2015-01-06,2891950.0,501.96
2015-01-07,2059366.0,501.1
2015-01-08,3344395.0,502.68
2015-01-09,2054956.0,496.17
2015-01-12,2320446.0,492.55
2015-01-13,2365687.0,496.18
2015-01-14,2229638.0,500.87
2015-01-15,2711355.0,501.79
2015-01-16,2292043.0,508.08
2015-01-20,2225922.0,506.9
2015-01-21,2262455.0,518.04
2015-01-22,2669558.0,534.39
2015-01-23,2275485.0,539.95
2015-01-26,1539524.0,535.21
2015-01-27,1898844.0,518.63
2015-01-28,1679230.0,510.0
2015-01-29,4174924.0,510.66
2015-01-30,5590977.0,534.52
2015-02-02,2841976.0,528.48
2015-02-03,2033085.0,529.24
2015-02-04,1659125.0,522.76
2015-02-05,1844687.0,527.58
2015-02-06,1758650.0,531.0
2015-02-09,1264276.0,527.83
2015-02-10,1745076.0,536.94
2015-02-11,1373970.0,535.97
2015-02-12,1615824.0,542.93
2015-02-13,1895126.0,549.01
2015-02-17,1612439.0,542.84
2015-02-18,1449089.0,539.7
2015-02-19,987478.0,542.87
2015-02-20,1441212.0,538.95
2015-02-23,1453907.0,531.91
2015-02-24,1002393.0,536.09
2015-02-25,1821041.0,543.87
2015-02-26,2305219.0,555.48
2015-02-27,2403553.0,558.4
2015-03-02,2123796.0,571.34
2015-03-03,1700084.0,573.64
2015-03-04,1871694.0,573.37
2015-03-05,1385818.0,575.33
2015-03-06,1654561.0,567.68
2015-03-09,1059336.0,568.85
2015-03-10,1787357.0,555.01
2015-03-11,1815763.0,551.18
2015-03-12,1385772.0,555.51
2015-03-13,1698872.0,547.32
2015-03-16,1636493.0,554.51
2015-03-17,1800570.0,550.84
2015-03-18,2128714.0,559.5
2015-03-19,1194049.0,557.99
2015-03-20,2609690.0,560.36
2015-03-23,1639306.0,558.81
2015-03-24,2576234.0,570.19
2015-03-25,2146384.0,558.78
2015-03-26,1568331.0,555.17
2015-03-27,1892323.0,548.34
2015-03-30,1283958.0,552.03
2015-03-31,1583677.0,548.0
2015-04-01,1957718.0,542.56
2015-04-02,1711737.0,535.53
2015-04-06,1320767.0,536.76
2015-04-07,1299298.0,537.02
2015-04-08,1175332.0,541.61
2015-04-09,1553586.0,540.78
2015-04-10,1405574.0,540.01
2015-04-13,1640809.0,539.17
2015-04-14,2597043.0,530.39
2015-04-15,2312512.0,532.53
2015-04-16,1296304.0,533.8
2015-04-17,2145955.0,524.05
2015-04-20,1675487.0,535.38
2015-04-21,1839668.0,533.97
2015-04-22,1589248.0,539.37
2015-04-23,4173376.0,547.0
2015-04-24,4919031.0,565.06
2015-04-27,2398039.0,555.37
2015-04-28,1490983.0,553.68
2015-04-29,1698761.0,549.08
2015-04-30,2082214.0,537.34
2015-05-01,1768181.0,537.9
2015-05-04,1307960.0,540.78
2015-05-05,1383068.0,530.8
2015-05-06,1566987.0,524.22
2015-05-07,1546278.0,530.7
2015-05-08,1527615.0,538.22
2015-05-11,905285.0,535.7
2015-05-12,1634174.0,529.04
2015-05-13,1253063.0,529.62
2015-05-14,1403935.0,538.4
2015-05-15,1971343.0,533.85
2015-05-18,2003421.0,532.3
2015-05-19,1966947.0,537.36
2015-05-20,1430826.0,539.27
2015-05-21,1462695.0,542.51
2015-05-22,1176214.0,540.11
2015-05-26,2406512.0,532.32
2015-05-27,1525019.0,539.79
2015-05-28,1029849.0,539.78
2015-05-29,2597407.0,532.11
2015-06-01,1904332.0,533.99
2015-06-02,1938989.0,539.18
2015-06-03,1717036.0,540.31
2015-06-04,1348337.0,536.7
2015-06-05,1388220.0,533.33
2015-06-08,1524139.0,526.83
2015-06-09,1455266.0,526.69
2015-06-10,1814958.0,536.69
2015-06-11,1217536.0,534.61
2015-06-12,955789.0,532.33
2015-06-15,1632702.0,527.2
2015-06-16,1071814.0,528.15
2015-06-17,1294216.0,529.26
2015-06-18,1833109.0,536.73
2015-06-19,1893497.0,536.69
2015-06-22,1250282.0,538.19
2015-06-23,1197450.0,540.48
2015-06-24,1286608.0,537.84
2015-06-25,1335697.0,535.23
2015-06-26,2109130.0,531.69
2015-06-29,1937821.0,521.52
2015-06-30,2235595.0,520.51
2015-07-01,1961354.0,521.84
2015-07-02,1235903.0,523.4
2015-07-06,1280525.0,522.86
2015-07-07,1597229.0,525.02
2015-07-08,1296699.0,516.83
2015-07-09,1842347.0,520.68
2015-07-10,1956682.0,530.13
2015-07-13,2206475.0,546.55
2015-07-14,3244066.0,561.1
2015-07-15,1784554.0,560.22
2015-07-16,4768318.0,579.85
2015-07-17,11164943.0,672.93
2015-07-20,5860872.0,663.02
2015-07-21,3377196.0,662.3
2015-07-22,3929309.0,662.1
2015-07-23,3029109.0,644.28
2015-07-24,3625747.0,623.56
2015-07-27,2675381.0,627.26
2015-07-28,1727327.0,628.0
2015-07-29,1575069.0,631.93
2015-07-30,1474203.0,632.59
2015-07-31,1706149.0,625.61
2015-08-03,1304511.0,631.21
2015-08-04,1490881.0,629.25
2015-08-05,2008659.0,643.78
2015-08-06,1572600.0,642.68
2015-08-07,1403865.0,635.3
2015-08-10,1809205.0,633.73
2015-08-11,5029203.0,660.78
2015-08-12,2940803.0,659.56
2015-08-13,1810749.0,656.45
2015-08-14,1072061.0,657.12
2015-08-17,1051699.0,660.87
2015-08-18,1456059.0,656.13
2015-08-19,2134098.0,660.9
2015-08-20,2855299.0,646.83
2015-08-21,4265183.0,612.48
2015-08-24,5770302.0,589.61
2015-08-25,3537966.0,582.06
2015-08-26,4235891.0,628.62
2015-08-27,3491336.0,637.61
2015-08-28,1978733.0,630.38
2015-08-31,2176737.0,618.25
2015-09-01,3702105.0,597.79
2015-09-02,2575620.0,614.34
2015-09-03,1759572.0,606.25
2015-09-04,2089453.0,600.7
2015-09-08,2279538.0,614.66
2015-09-09,1702094.0,612.72
2015-09-10,1905276.0,621.35
2015-09-11,1373545.0,625.77
2015-09-14,1702271.0,623.24
2015-09-15,2084397.0,635.14
2015-09-16,1286454.0,635.98
2015-09-17,2274690.0,642.9
2015-09-18,5133386.0,629.25
2015-09-21,1788506.0,635.44
2015-09-22,2562869.0,622.69
2015-09-23,1470949.0,622.36
2015-09-24,2240098.0,625.8
2015-09-25,2174009.0,611.97
2015-09-28,3110651.0,594.89
2015-09-29,2310284.0,594.97
2015-09-30,2332087.0,608.42
2015-10-01,1867601.0,611.29
2015-10-02,2684805.0,626.91
2015-10-05,1803643.0,641.47
2015-10-06,2236847.0,645.44
2015-10-07,2092714.0,642.36
2015-10-08,2182081.0,639.16
2015-10-09,1648736.0,643.61
2015-10-12,1276134.0,646.67
2015-10-13,1807685.0,652.3
2015-10-14,1415468.0,651.16
2015-10-15,1885737.0,661.74
2015-10-16,1611128.0,662.2
2015-10-19,1477340.0,666.1
2015-10-20,2498215.0,650.28
2015-10-21,1794172.0,642.61
2015-10-22,4070954.0,651.79
2015-10-23,6653923.0,702.0
2015-10-26,2716615.0,712.78
2015-10-27,2245796.0,708.49
2015-10-28,2178917.0,712.95
2015-10-29,1455965.0,716.92
2015-10-30,1908774.0,710.81
2015-11-02,1886250.0,721.11
2015-11-03,1565379.0,722.16
2015-11-04,1706700.0,728.11
2015-11-05,1861550.0,731.25
2015-11-06,1511599.0,733.76
2015-11-09,2069807.0,724.89
2015-11-10,1607994.0,728.32
2015-11-11,1366995.0,735.4
2015-11-12,1837154.0,731.23
2015-11-13,2075504.0,717.0
2015-11-16,1905893.0,728.96
2015-11-17,1506733.0,725.3
2015-11-18,1684259.0,740.0
2015-11-19,1327879.0,738.41
2015-11-20,2213284.0,756.6
2015-11-23,1415385.0,755.98
2015-11-24,2334197.0,748.28
2015-11-25,1122224.0,748.15
2015-11-27,838528.0,750.26
2015-11-30,2097624.0,742.6
2015-12-01,2134621.0,767.04
2015-12-02,2230373.0,762.38
2015-12-03,2590641.0,752.54
2015-12-04,2757283.0,766.81
2015-12-07,1812314.0,763.25
2015-12-08,1829475.0,762.37
2015-12-09,2699990.0,751.61
2015-12-10,1988380.0,749.46
2015-12-11,2224410.0,738.87
2015-12-14,2421236.0,747.77
2015-12-15,2666229.0,743.4
2015-12-16,1993251.0,758.09
2015-12-17,1553418.0,749.43
2015-12-18,3148743.0,739.31
2015-12-21,1525703.0,747.77
2015-12-22,1365520.0,750.0
2015-12-23,1566726.0,750.31
2015-12-24,527223.0,748.4
2015-12-28,1515716.0,762.51
2015-12-29,1765012.0,776.6
2015-12-30,1293521.0,771.0
2015-12-31,1500923.0,758.88
2016-01-04,3272776.0,741.84
2016-01-05,1950691.0,742.58
2016-01-06,1947034.0,743.62
2016-01-07,2963741.0,726.39
2016-01-08,2450857.0,714.47
2016-01-11,2090621.0,716.03
2016-01-12,2024509.0,726.07
2016-01-13,2501730.0,700.56
2016-01-14,2225768.0,714.72
2016-01-15,3608109.0,694.45
2016-01-19,2268078.0,701.79
2016-01-20,3444962.0,698.45
2016-01-21,2412211.0,706.59
2016-01-22,2011797.0,725.25
2016-01-25,1711716.0,711.67
2016-01-26,1331691.0,713.04
2016-01-27,2194227.0,699.99
2016-01-28,2676397.0,730.96
2016-01-29,3474319.0,742.95
2016-02-01,5139157.0,752.0
2016-02-02,6348126.0,764.65
2016-02-03,6171019.0,726.95
2016-02-04,5168709.0,708.01
2016-02-05,5105725.0,683.57
2016-02-08,4247355.0,682.74
2016-02-09,3608914.0,678.11
2016-02-10,2638007.0,684.12
2016-02-11,3024043.0,683.11
2016-02-12,2141373.0,682.4
2016-02-16,2520021.0,691.0
2016-02-17,2492634.0,708.4
2016-02-18,1883248.0,697.35
2016-02-19,1589281.0,700.91
2016-02-22,1949816.0,706.46
2016-02-23,2009280.0,695.85
2016-02-24,1963573.0,699.56
2016-02-25,1642166.0,705.75
2016-02-26,2243522.0,705.07
2016-02-29,2481145.0,697.77
2016-03-01,2151419.0,718.81
2016-03-02,1629003.0,718.85
2016-03-03,1957974.0,712.42
2016-03-04,1972077.0,710.89
2016-03-07,2988026.0,695.16
2016-03-08,2058471.0,693.97
2016-03-09,1421515.0,705.24
2016-03-10,2833525.0,712.82
2016-03-11,1970815.0,726.82
2016-03-14,1718252.0,730.49
2016-03-15,1720965.0,728.33
2016-03-16,1624370.0,736.09
2016-03-17,1860834.0,737.78
2016-03-18,2980709.0,737.6
2016-03-21,1836503.0,742.09
2016-03-22,1269749.0,740.75
2016-03-23,1432099.0,738.06
2016-03-24,1594891.0,735.3
2016-03-28,1301327.0,733.53
2016-03-29,1903758.0,744.77
2016-03-30,1782427.0,750.53
2016-03-31,1718798.0,744.95
2016-04-01,1576745.0,749.91
2016-04-04,1134390.0,745.29
2016-04-05,1132294.0,737.8
2016-04-06,1053713.0,745.69
2016-04-07,1453185.0,740.28
2016-04-08,1290787.0,739.15
2016-04-11,1220088.0,736.1
2016-04-12,1352992.0,743.09
2016-04-13,1707641.0,751.72
2016-04-14,1135271.0,753.2
2016-04-15,1809332.0,759.0
2016-04-18,1558848.0,766.61
2016-04-19,2030526.0,753.93
2016-04-20,1529217.0,752.67
2016-04-21,3060490.0,759.14
2016-04-22,5951938.0,718.77
2016-04-25,1959179.0,723.15
2016-04-26,2744587.0,708.14
2016-04-27,3098587.0,705.84
2016-04-28,2867255.0,691.02
2016-04-29,2487673.0,693.01
2016-05-02,1645265.0,698.21
2016-05-03,1543785.0,692.36
2016-05-04,1693525.0,695.7
2016-05-05,1683507.0,701.43
2016-05-06,1829291.0,711.12
2016-05-09,1510289.0,712.9
2016-05-10,1569591.0,723.18
2016-05-11,1692063.0,715.29
2016-05-12,1361332.0,713.31
2016-05-13,1314499.0,710.83
2016-05-16,1317069.0,716.49
2016-05-17,2001225.0,706.23
2016-05-18,1766836.0,706.63
2016-05-19,1670234.0,700.32
2016-05-20,1828387.0,709.74
2016-05-23,1330692.0,704.24
2016-05-24,1929467.0,720.09
2016-05-25,1632564.0,725.27
2016-05-26,1576286.0,724.12
2016-05-27,1974962.0,732.66
2016-05-31,2129545.0,735.72
2016-06-01,1253593.0,734.15
2016-06-02,1341807.0,730.4
2016-06-03,1226253.0,722.34
2016-06-06,1566059.0,716.55
2016-06-07,1336754.0,716.65
2016-06-08,1583701.0,728.28
2016-06-09,988914.0,728.58
2016-06-10,1216443.0,719.41
2016-06-13,1258930.0,718.36
2016-06-14,1306065.0,718.27
2016-06-15,1214517.0,718.92
2016-06-16,1982471.0,710.36
2016-06-17,3402357.0,691.72
2016-06-20,2082538.0,693.71
2016-06-21,1465634.0,695.94
2016-06-22,1184318.0,697.46
2016-06-23,2171415.0,701.87
2016-06-24,4449022.0,675.22
2016-06-27,2641085.0,668.26
2016-06-28,2173762.0,680.04
2016-06-29,1932561.0,684.11
2016-06-30,1597714.0,692.1
2016-07-01,1344710.0,699.21
2016-07-05,1462616.0,694.49
2016-07-06,1411925.0,697.77
2016-07-07,1304200.0,695.36
2016-07-08,1575166.0,705.63
2016-07-11,1111762.0,715.09
2016-07-12,1336921.0,720.64
2016-07-13,935876.0,716.98
2016-07-14,950193.0,720.95
2016-07-15,1279339.0,719.85
2016-07-18,1295476.0,733.78
2016-07-19,1227486.0,736.96
2016-07-20,1289671.0,741.19
2016-07-21,1026306.0,738.63
2016-07-22,1259823.0,742.74
2016-07-25,1032432.0,739.77
2016-07-26,1186738.0,738.42
2016-07-27,1512517.0,741.77
2016-07-28,3530169.0,745.91
2016-07-29,3841482.0,768.79
2016-08-01,2700470.0,772.88
2016-08-02,1784525.0,771.07
2016-08-03,1287421.0,773.18
2016-08-04,1140254.0,771.61
2016-08-05,1801205.0,782.22
2016-08-08,1107857.0,781.76
2016-08-09,1318894.0,784.26
2016-08-10,786363.0,784.68
2016-08-11,975113.0,784.85
2016-08-12,740498.0,783.22
2016-08-15,938186.0,782.44
2016-08-16,1028047.0,777.14
2016-08-17,924226.0,779.91
2016-08-18,719429.0,777.5
2016-08-19,861546.0,775.42
2016-08-22,951362.0,772.15
2016-08-23,928232.0,772.08
2016-08-24,1071999.0,769.64
2016-08-25,926883.0,769.41
2016-08-26,1166681.0,769.54
2016-08-29,847565.0,772.15
2016-08-30,1130029.0,769.09
2016-08-31,1248556.0,767.05
2016-09-01,925131.0,768.78
2016-09-02,1072658.0,771.46
2016-09-06,1442822.0,780.08
2016-09-07,894021.0,780.35
2016-09-08,1270264.0,775.32
2016-09-09,1885496.0,759.66
2016-09-12,1310986.0,769.02
2016-09-13,1395046.0,759.69
2016-09-14,1094490.0,762.49
2016-09-15,1346751.0,771.76
2016-09-16,2049338.0,768.88
2016-09-19,1172824.0,765.7
2016-09-20,978631.0,771.41
2016-09-21,1167810.0,776.22
2016-09-22,1486223.0,787.21
2016-09-23,1411937.0,786.9
2016-09-26,1533206.0,774.21
2016-09-27,1153247.0,783.01
2016-09-28,1109834.0,781.56
2016-09-29,1314746.0,775.01
2016-09-30,1585333.0,777.29
2016-10-03,1278821.0,772.56
2016-10-04,1201350.0,776.43
2016-10-05,1461151.0,776.47
2016-10-06,1070692.0,776.86
2016-10-07,933158.0,775.08
2016-10-10,1174923.0,785.94
2016-10-11,1372461.0,783.07
2016-10-12,937435.0,786.14
2016-10-13,1365277.0,778.19
2016-10-14,852487.0,778.53
2016-10-17,1092973.0,779.96
2016-10-18,2056903.0,795.26
2016-10-19,1766798.0,801.56
2016-10-20,1757528.0,796.97
2016-10-21,1266181.0,799.37
2016-10-24,1697514.0,813.11
2016-10-25,1576404.0,807.67
2016-10-26,1647733.0,799.07
2016-10-27,2749221.0,795.35
2016-10-28,4269902.0,795.37
2016-10-31,2427284.0,784.54
2016-11-01,2406356.0,783.61
2016-11-02,1918414.0,768.7
2016-11-03,1943175.0,762.13
2016-11-04,2134812.0,762.02
2016-11-07,1585070.0,782.52
2016-11-08,1366873.0,790.51
2016-11-09,2607121.0,785.31
2016-11-10,4745183.0,762.56
2016-11-11,2431815.0,754.02
2016-11-14,3654385.0,736.08
2016-11-15,2384001.0,758.49
2016-11-16,1472594.0,764.48
2016-11-17,1304048.0,771.23
2016-11-18,1547145.0,760.54
2016-11-21,1330639.0,769.2
2016-11-22,1593108.0,768.27
2016-11-23,1478417.0,760.99
2016-11-25,587421.0,761.68
2016-11-28,2188151.0,768.24
2016-11-29,1616618.0,770.84
2016-11-30,2392890.0,758.04
2016-12-01,3017947.0,747.92
2016-12-02,1452484.0,750.5
2016-12-05,1394223.0,762.52
2016-12-06,1690689.0,759.11
2016-12-07,1760966.0,771.19
2016-12-08,1488059.0,776.42
2016-12-09,1821914.0,789.29
2016-12-12,2104117.0,789.27
2016-12-13,2145209.0,796.1
2016-12-14,1704150.0,797.07
2016-12-15,1626499.0,797.85
2016-12-16,2443796.0,790.8
2016-12-19,1232087.0,794.2
2016-12-20,951014.0,796.42
2016-12-21,1211346.0,794.56
2016-12-22,972169.0,791.26
2016-12-23,623944.0,789.91
2016-12-27,789321.0,791.55
2016-12-28,1153824.0,785.05
2016-12-29,744272.0,782.79
2016-12-30,1769950.0,771.82
2017-01-03,1657268.0,786.14
2017-01-04,1072958.0,786.9
2017-01-05,1335167.0,794.02
2017-01-06,1640170.0,806.15
2017-01-09,1274645.0,806.65
2017-01-10,1176780.0,804.79
2017-01-11,1065936.0,807.91
2017-01-12,1353057.0,806.36
2017-01-13,1099215.0,807.88
2017-01-17,1362115.0,804.61
2017-01-18,1294407.0,806.07
2017-01-19,919325.0,802.17
2017-01-20,1670045.0,805.02
2017-01-23,1963628.0,819.31
2017-01-24,1474010.0,823.87
2017-01-25,1627304.0,835.67
2017-01-26,2973891.0,832.15
2017-01-27,2965771.0,823.31
2017-01-30,3246573.0,802.32
2017-01-31,2160556.0,796.79
2017-02-01,2029744.0,795.7
2017-02-02,1532138.0,798.53
2017-02-03,1463448.0,801.49
2017-02-06,1184483.0,801.34
2017-02-07,1241221.0,806.97
2017-02-08,1155990.0,808.38
2017-02-09,990391.0,809.56
2017-02-10,1134976.0,813.67
2017-02-13,1213324.0,819.24
2017-02-14,1054732.0,820.45
2017-02-15,1313617.0,818.98
2017-02-16,1287626.0,824.16
2017-02-17,1611039.0,828.07
2017-02-21,1262337.0,831.66
2017-02-22,987248.0,830.76
2017-02-23,1472771.0,831.33
2017-02-24,1392202.0,828.64
2017-02-27,1101466.0,829.28
2017-02-28,2260769.0,823.21
2017-03-01,1496540.0,835.24
2017-03-02,942476.0,830.63
2017-03-03,896378.0,829.08
2017-03-06,1109037.0,827.78
2017-03-07,1037630.0,831.91
2017-03-08,989773.0,835.37
2017-03-09,1261517.0,838.68
2017-03-10,1704024.0,843.25
2017-03-13,1223647.0,845.54
2017-03-14,780198.0,845.62
2017-03-15,1381474.0,847.2
2017-03-16,977560.0,848.78
2017-03-17,1716471.0,852.12
2017-03-20,1231521.0,848.4
2017-03-21,2463484.0,830.46
2017-03-22,1401465.0,829.59
2017-03-23,3487056.0,817.58
2017-03-24,1981006.0,814.43
2017-03-27,1894990.0,819.51
2017-03-28,1620542.0,820.92
2017-03-29,1786321.0,831.41
2017-03-30,1055339.0,831.5
2017-03-31,1401893.0,829.56
2017-04-03,1671503.0,838.55
2017-04-04,1045363.0,834.57
2017-04-05,1555328.0,831.41
2017-04-06,1254433.0,827.88
2017-04-07,1056692.0,824.67
2017-04-10,978905.0,824.73
2017-04-11,1079732.0,823.35
2017-04-12,900480.0,824.32
2017-04-13,1122362.0,823.56
2017-04-17,895015.0,837.17
2017-04-18,836722.0,836.82
2017-04-19,954330.0,838.21
2017-04-20,959031.0,841.65
2017-04-21,1323583.0,843.19
2017-04-24,1371581.0,862.76
2017-04-25,1654161.0,872.3
2017-04-26,1188464.0,871.73
2017-04-27,1734197.0,874.25
2017-04-28,3160585.0,905.96
2017-05-01,2100457.0,912.57
2017-05-02,1520766.0,916.44
2017-05-03,1477329.0,927.04
2017-05-04,1405844.0,931.66
2017-05-05,1904731.0,927.13
2017-05-08,1319052.0,934.3
2017-05-09,1575628.0,932.17
2017-05-10,1170055.0,928.78
2017-05-11,830838.0,930.6
2017-05-12,1038409.0,932.22
2017-05-15,1094283.0,937.08
2017-05-16,956692.0,943.0
2017-05-17,2323389.0,919.62
2017-05-18,1586465.0,930.24
2017-05-19,1382221.0,934.01
2017-05-22,1092176.0,941.86
2017-05-23,1259285.0,948.82
2017-05-24,990248.0,954.96
2017-05-25,1645873.0,969.54
2017-05-26,1246186.0,971.47
2017-05-30,1455686.0,975.88
2017-05-31,2426589.0,964.86
2017-06-01,1403200.0,966.95
2017-06-02,1717212.0,975.6
2017-06-05,1221971.0,983.68
2017-06-06,1796904.0,976.57
2017-06-07,1429834.0,981.08
2017-06-08,1451232.0,983.41
2017-06-09,3270248.0,949.83
2017-06-12,3731589.0,942.9
2017-06-13,1995350.0,953.4
2017-06-14,1477033.0,950.76
2017-06-15,2055953.0,942.31
2017-06-16,2921393.0,939.78
2017-06-19,1494191.0,957.37
2017-06-20,1111840.0,950.63
2017-06-21,1192342.0,959.45
2017-06-22,940373.0,957.09
2017-06-23,1394008.0,965.59
2017-06-26,1581031.0,952.27
2017-06-27,2553771.0,927.33
2017-06-28,2712222.0,940.49
2017-06-29,3248393.0,917.79
2017-06-30,2035931.0,908.73
2017-07-03,1710189.0,898.7
2017-07-05,1743497.0,911.71
2017-07-06,1409533.0,906.69
2017-07-07,1588034.0,918.59
2017-07-10,1189085.0,928.8
2017-07-11,1093281.0,930.09
2017-07-12,1505982.0,943.83
2017-07-13,1291782.0,947.16
2017-07-14,1017632.0,955.99
2017-07-17,1141026.0,953.42
2017-07-18,1131130.0,965.4
2017-07-19,1212814.0,970.89
2017-07-20,1577103.0,968.15
2017-07-21,1665103.0,972.92
2017-07-24,2634669.0,980.34
2017-07-25,4626086.0,950.7
2017-07-26,2056013.0,947.8
2017-07-27,3095263.0,934.09
2017-07-28,1775076.0,941.53
2017-07-31,1952716.0,930.5
2017-08-01,1211553.0,930.83
2017-08-02,1816343.0,930.39
2017-08-03,1179126.0,923.65
2017-08-04,1019159.0,927.96
2017-08-07,1012296.0,929.36
2017-08-08,1039394.0,926.79
2017-08-09,1169431.0,922.9
2017-08-10,1722296.0,907.24
2017-08-11,1190458.0,914.39
2017-08-14,1047828.0,922.67
2017-08-15,873070.0,922.22
2017-08-16,988604.0,926.96
2017-08-17,1218963.0,910.98
2017-08-18,1333572.0,910.67
2017-08-21,932903.0,906.66
2017-08-22,1145571.0,924.69
2017-08-23,1077809.0,927.0
2017-08-24,1218875.0,921.28
2017-08-25,1040693.0,915.89
2017-08-28,1072467.0,913.81
2017-08-29,1180160.0,921.29
2017-08-30,1282093.0,929.57
2017-08-31,1553301.0,939.33
2017-09-01,913404.0,937.34
2017-09-05,1202163.0,928.45
2017-09-06,1468808.0,927.81
2017-09-07,1200257.0,935.95
2017-09-08,993832.0,926.5
2017-09-11,1247138.0,929.08
2017-09-12,1120449.0,932.07
2017-09-13,1066051.0,935.09
2017-09-14,1389012.0,925.11
2017-09-15,2475031.0,920.29
2017-09-18,1263456.0,915.0
2017-09-19,902415.0,921.81
2017-09-20,1518166.0,931.58
2017-09-21,1207656.0,932.45
2017-09-22,1038551.0,928.53
2017-09-25,1822881.0,920.97
2017-09-26,1652848.0,924.86
2017-09-27,2202959.0,944.49
2017-09-28,959648.0,949.5
2017-09-29,1533133.0,959.11
2017-10-02,1222026.0,953.27
2017-10-03,881562.0,957.79
2017-10-04,881380.0,951.68
2017-10-05,1202101.0,969.96
2017-10-06,1142699.0,978.89
2017-10-09,886700.0,977.0
2017-10-10,956419.0,972.6
2017-10-11,1663731.0,989.25
2017-10-12,1259082.0,987.83
2017-10-13,1143907.0,989.68
2017-10-16,900751.0,992.0
2017-10-17,1266399.0,992.18
2017-10-18,1022521.0,992.81
2017-10-19,1282755.0,984.45
2017-10-20,1120038.0,988.2
2017-10-23,1431886.0,968.45
2017-10-24,1155231.0,970.54
2017-10-25,1162606.0,973.33
2017-10-26,1660850.0,972.56
2017-10-27,5125791.0,1019.27
2017-10-30,2074619.0,1017.11
2017-10-31,1324961.0,1016.64
2017-11-01,1360900.0,1025.5
2017-11-02,1008190.0,1025.58
2017-11-03,1058037.0,1032.48
2017-11-06,1119131.0,1025.9
2017-11-07,1089887.0,1033.33
2017-11-08,946210.0,1039.85
2017-11-09,1236903.0,1031.26
2017-11-10,719227.0,1028.07
2017-11-13,878969.0,1025.75
2017-11-14,947273.0,1026.0
2017-11-15,859951.0,1020.91
2017-11-16,1129423.0,1032.5
2017-11-17,1350144.0,1019.09
2017-11-20,894844.0,1018.38
2017-11-21,1083715.0,1034.49
2017-11-22,716661.0,1035.96
2017-11-24,536958.0,1040.61
2017-11-27,1284354.0,1054.21
2017-11-28,1341000.0,1047.41
2017-11-29,2438875.0,1021.66
2017-11-30,1722913.0,1021.41
2017-12-01,1908944.0,1010.17
2017-12-04,1891408.0,998.68
2017-12-05,2023376.0,1005.15
2017-12-06,1254837.0,1018.38
2017-12-07,1387107.0,1030.93
2017-12-08,1277894.0,1037.05
2017-12-11,1119052.0,1041.1
2017-12-12,1269883.0,1040.48
2017-12-13,1207286.0,1040.61
2017-12-14,1545616.0,1049.15
2017-12-15,3142760.0,1064.19
2017-12-18,1531522.0,1077.14
2017-12-19,1254615.0,1070.68
2017-12-20,1266115.0,1064.95
2017-12-21,974594.0,1063.63
2017-12-22,734566.0,1060.12
2017-12-26,756324.0,1056.74
2017-12-27,1214775.0,1049.37
2017-12-28,829623.0,1048.14
2017-12-29,867943.0,1046.4
2018-01-02,1223114.0,1065.0
2018-01-03,1416093.0,1082.48
2018-01-04,990510.0,1086.4
2018-01-05,1210974.0,1102.23
2018-01-08,1003098.0,1106.94
2018-01-09,897400.0,1106.26
2018-01-10,1038917.0,1102.61
2018-01-11,962696.0,1105.52
2018-01-12,1701377.0,1122.26
2018-01-16,1539230.0,1121.76
2018-01-17,1146089.0,1131.98
2018-01-18,1148920.0,1129.79
2018-01-19,1361390.0,1137.51
2018-01-22,1582504.0,1155.81
2018-01-23,1199326.0,1169.97
2018-01-24,1351237.0,1164.24
2018-01-25,1326436.0,1170.37
2018-01-26,1825680.0,1175.84
2018-01-29,1299218.0,1175.58
2018-01-30,1400132.0,1163.69
2018-01-31,1486793.0,1169.94
2018-02-01,1974700.0,1167.7
2018-02-02,4758496.0,1111.9
2018-02-05,3336352.0,1055.8
2018-02-06,3360727.0,1080.6
2018-02-07,2331374.0,1048.58
2018-02-08,2720942.0,1001.52
2018-02-09,3267883.0,1037.78
2018-02-12,2038875.0,1051.94
2018-02-13,1209341.0,1052.1
2018-02-14,1515444.0,1069.7
2018-02-15,1777694.0,1089.52
2018-02-16,1664969.0,1094.8
2018-02-20,1381603.0,1102.46
2018-02-21,1493162.0,1111.34
2018-02-22,1306276.0,1106.63
2018-02-23,1158377.0,1126.79
2018-02-26,1492380.0,1143.75
2018-02-27,1741578.0,1118.29
2018-02-28,1858051.0,1104.73
2018-03-01,2515910.0,1069.52
2018-03-02,2271551.0,1078.92
2018-03-05,1202174.0,1090.93
2018-03-06,1532783.0,1095.06
2018-03-07,1292537.0,1109.64
2018-03-08,1240299.0,1126.0
2018-03-09,2074952.0,1160.04
2018-03-12,2076306.0,1164.5
2018-03-13,1808098.0,1138.17
2018-03-14,1192615.0,1149.49
2018-03-15,1392521.0,1149.58
2018-03-16,2560277.0,1135.73
2018-03-19,2339506.0,1099.82
2018-03-20,1783872.0,1097.71
2018-03-21,1640709.0,1090.88
2018-03-22,2580374.0,1049.08
2018-03-23,2113497.0,1021.57
2018-03-26,2558385.0,1053.21
2018-03-27,3029471.0,1005.1
2018-03-28,3369275.0,1004.56
2018-03-29,2726830.0,1031.79
2018-04-02,2680400.0,1006.47
2018-04-03,2275076.0,1013.41
2018-04-04,2484651.0,1025.14
2018-04-05,1363049.0,1027.81
2018-04-06,1746430.0,1007.04
2018-04-09,1751559.0,1015.45
2018-04-10,2029648.0,1031.64
2018-04-11,1483881.0,1019.97
2018-04-12,1359389.0,1032.51
2018-04-13,1223017.0,1029.27
2018-04-16,1211208.0,1037.98
2018-04-17,2320266.0,1074.16
2018-04-18,1344138.0,1072.08
2018-04-19,1747671.0,1087.7
2018-04-20,1889686.0,1072.96
2018-04-23,2341258.0,1067.45
2018-04-24,4760260.0,1019.98
2018-04-25,2391105.0,1021.18
2018-04-26,2079533.0,1040.04
2018-04-27,1619796.0,1030.05
2018-04-30,1671254.0,1017.33
2018-05-01,1427857.0,1037.31
2018-05-02,1603081.0,1024.38
2018-05-03,1815058.0,1023.72
2018-05-04,1938658.0,1048.21
2018-05-07,1466065.0,1054.79
2018-05-08,1217721.0,1053.91
2018-05-09,2032818.0,1082.76
2018-05-10,1443025.0,1097.57
2018-05-11,1253665.0,1098.26
2018-05-14,1518077.0,1100.2
2018-05-15,1494872.0,1079.23
2018-05-16,1097317.0,1081.77
2018-05-17,1043766.0,1078.59
2018-05-18,1565240.0,1066.36
2018-05-21,1023211.0,1079.58
2018-05-22,1090002.0,1069.73
2018-05-23,1060683.0,1079.69
2018-05-24,766773.0,1079.24
2018-05-25,899406.0,1075.66
2018-05-29,1865139.0,1060.32
2018-05-30,1138457.0,1067.8
2018-05-31,3088305.0,1084.99
2018-06-01,2421598.0,1119.5
2018-06-04,1889579.0,1139.29
2018-06-05,1677973.0,1139.66
2018-06-06,1698247.0,1136.88
2018-06-07,1520020.0,1123.86
2018-06-08,1290845.0,1120.87
2018-06-11,1079294.0,1129.99
2018-06-12,912018.0,1139.32
2018-06-13,1506407.0,1134.79
2018-06-14,1350868.0,1152.12
2018-06-15,2122476.0,1152.26
2018-06-18,1413692.0,1173.46
2018-06-19,1621018.0,1168.06
2018-06-20,1648536.0,1169.84
2018-06-21,1238118.0,1157.66
2018-06-22,1310967.0,1155.48
2018-06-25,2157310.0,1124.81
2018-06-26,1563225.0,1118.46
2018-06-27,1293892.0,1103.98
2018-06-28,1072438.0,1114.22
2018-06-29,1315121.0,1115.65
2018-07-02,1217311.0,1127.46
2018-07-03,679034.0,1102.89
2018-07-05,1066685.0,1124.27
2018-07-06,996079.0,1140.17
2018-07-09,908969.0,1154.05
2018-07-10,798412.0,1152.84
2018-07-11,1119993.0,1153.9
2018-07-12,1251884.0,1183.48
2018-07-13,1222072.0,1188.82
2018-07-16,1055662.0,1183.86
2018-07-17,1610353.0,1198.8
2018-07-18,1393606.0,1195.88
2018-07-19,1276667.0,1186.96
2018-07-20,1248400.0,1184.91
2018-07-23,2619234.0,1205.5
2018-07-24,3318204.0,1248.08
2018-07-25,2139999.0,1263.7
2018-07-26,2405638.0,1268.33
2018-07-27,2130558.0,1238.5
2018-07-30,1849904.0,1219.74
2018-07-31,1644722.0,1217.26
2018-08-01,1567264.0,1220.01
2018-08-02,1531299.0,1226.15
2018-08-03,1089896.0,1223.71
2018-08-06,1081723.0,1224.77
2018-08-07,1493980.0,1242.22
2018-08-08,1370913.0,1245.61
2018-08-09,848601.0,1249.1
2018-08-10,1108919.0,1237.61
2018-08-13,997346.0,1235.01
2018-08-14,1348194.0,1242.1
2018-08-15,1828814.0,1214.38
2018-08-16,1343161.0,1206.49
2018-08-17,1389645.0,1200.96
2018-08-20,870772.0,1207.77
2018-08-21,1205580.0,1201.62
2018-08-22,887389.0,1207.33
2018-08-23,992604.0,1205.38
2018-08-24,946840.0,1220.65
2018-08-27,1156255.0,1241.82
2018-08-28,1304007.0,1231.15
2018-08-29,1309312.0,1249.3
2018-08-30,1331439.0,1239.12
2018-08-31,1816426.0,1218.19
2018-09-04,1831045.0,1197.0
2018-09-05,2061309.0,1186.48
2018-09-06,1888467.0,1171.44
2018-09-07,1401404.0,1164.83
2018-09-10,1115796.0,1164.64
2018-09-11,1209565.0,1177.36
2018-09-12,1295472.0,1162.82
2018-09-13,1431214.0,1175.33
2018-09-14,943978.0,1172.53
2018-09-17,1306522.0,1156.05
2018-09-18,1203686.0,1161.22
2018-09-19,1191386.0,1171.09
2018-09-20,1225387.0,1186.87
2018-09-21,4405584.0,1166.09
2018-09-24,1271017.0,1173.37
2018-09-25,977731.0,1184.65
2018-09-26,1462253.0,1180.49
2018-09-27,1260754.0,1194.64
2018-09-28,1380629.0,1193.47
2018-10-01,1357604.0,1195.31
2018-10-02,1687914.0,1200.11
2018-10-03,1256214.0,1202.95
2018-10-04,2209490.0,1168.19
2018-10-05,1184452.0,1157.35
2018-10-08,1932355.0,1148.97
2018-10-09,1308764.0,1138.82
2018-10-10,2675742.0,1081.22
2018-10-11,2950120.0,1079.32
2018-10-12,2101303.0,1110.08
2018-10-15,1372393.0,1092.25
2018-10-16,1928540.0,1121.28
2018-10-17,1467226.0,1115.69
2018-10-18,2094524.0,1087.97
2018-10-19,1267649.0,1096.46
2018-10-22,1514220.0,1101.16
2018-10-23,1848654.0,1103.69
2018-10-24,1982430.0,1050.71
2018-10-25,2545839.0,1095.57
2018-10-26,4187586.0,1071.47
2018-10-29,3880723.0,1020.08
2018-10-30,3212657.0,1036.21
2018-10-31,2529768.0,1076.77
2018-11-01,1481979.0,1070.0
2018-11-02,1839043.0,1057.79
2018-11-05,2441430.0,1040.09
2018-11-06,1233306.0,1055.81
2018-11-07,2058356.0,1093.39
2018-11-08,1488182.0,1082.4
2018-11-09,1343313.0,1066.15
2018-11-12,1471758.0,1038.63
2018-11-13,1513702.0,1036.05
2018-11-14,1565945.0,1043.66
2018-11-15,1836084.0,1064.71
2018-11-16,1658116.0,1061.49
2018-11-19,1858614.0,1020.0
2018-11-20,2449130.0,1025.76
2018-11-21,1534274.0,1037.61
2018-11-23,691462.0,1023.88
2018-11-26,1942822.0,1048.62
2018-11-27,1803164.0,1044.41
2018-11-28,2475419.0,1086.23
2018-11-29,1468859.0,1088.3
2018-11-30,2580612.0,1094.43
2018-12-03,1990758.0,1106.43
2018-12-04,2345166.0,1050.82
2018-12-06,2769225.0,1068.73
2018-12-07,2101206.0,1036.58
2018-12-10,1807725.0,1039.55
2018-12-11,1394731.0,1051.75
2018-12-12,1523804.0,1063.68
2018-12-13,1329768.0,1061.9
2018-12-14,1686619.0,1042.1
2018-12-17,2385364.0,1016.53
2018-12-18,2192533.0,1028.71
2018-12-19,2479338.0,1023.01
2018-12-20,2673464.0,1009.41
2018-12-21,4595891.0,979.54
2018-12-24,1590328.0,976.22
2018-12-26,2373270.0,1039.46
2018-12-27,2109777.0,1043.88
2018-12-28,1413772.0,1037.08
2018-12-31,1493722.0,1035.61
2019-01-02,1532608.0,1045.85
2019-01-03,1841066.0,1016.06
2019-01-04,2093894.0,1070.71
2019-01-07,1981874.0,1068.39
2019-01-08,1765267.0,1076.28
2019-01-09,1199272.0,1074.66
2019-01-10,1456421.0,1070.33
2019-01-11,1520756.0,1057.19
2019-01-14,1144263.0,1044.69
2019-01-15,1463570.0,1077.15
2019-01-16,1331819.0,1080.97
2019-01-17,1242664.0,1089.9
2019-01-18,1955559.0,1098.26
2019-01-22,1613527.0,1070.52
2019-01-23,966956.0,1075.57
2019-01-24,1361673.0,1073.9
2019-01-25,1119216.0,1090.99
2019-01-28,1284281.0,1070.08
2019-01-29,1021819.0,1060.62
2019-01-30,1279822.0,1089.06
2019-01-31,1538324.0,1116.37
2019-02-01,1462208.0,1110.75
2019-02-04,2576470.0,1132.8
2019-02-05,3552194.0,1145.99
2019-02-06,2105592.0,1115.23
2019-02-07,2044827.0,1098.71
2019-02-08,1075769.0,1095.06
2019-02-11,1065194.0,1095.01
2019-02-12,1609513.0,1121.37
2019-02-13,1049781.0,1120.16
2019-02-14,947632.0,1121.67
2019-02-15,1449830.0,1113.65
2019-02-19,1046628.0,1118.56
2019-02-20,1087817.0,1113.8
2019-02-21,1415473.0,1096.97
2019-02-22,1049545.0,1110.37
2019-02-25,1413061.0,1109.4
2019-02-26,1471743.0,1115.13
2019-02-27,968760.0,1116.05
2019-02-28,1542609.0,1119.92
2019-03-01,1450316.0,1140.99
2019-03-04,1446047.0,1147.8
2019-03-05,1443174.0,1162.03
2019-03-06,1099289.0,1157.86
2019-03-07,1166559.0,1143.3
2019-03-08,1212489.0,1142.32
2019-03-11,1719192.0,1175.76
2019-03-12,2013115.0,1193.2
2019-03-13,1435936.0,1193.32
2019-03-14,1172815.0,1185.55
2019-03-15,2459957.0,1184.46
2019-03-18,1292633.0,1184.26
2019-03-19,1520688.0,1198.85
2019-03-20,2227786.0,1223.97
2019-03-21,1204045.0,1231.54
2019-03-22,1714247.0,1205.5
2019-03-25,1496843.0,1193.0
2019-03-26,1901156.0,1184.62
2019-03-27,1400240.0,1173.02
2019-03-28,1012430.0,1168.49
2019-03-29,1269979.0,1173.31
2019-04-01,1252757.0,1194.43
2019-04-02,827973.0,1200.49
2019-04-03,1017838.0,1205.92
2019-04-04,950747.0,1215.0
2019-04-05,907152.0,1207.15
2019-04-08,860363.0,1203.84
2019-04-09,876381.0,1197.25
2019-04-10,724643.0,1202.16
2019-04-11,710231.0,1204.62
2019-04-12,933794.0,1217.87
2019-04-15,1187519.0,1221.1
2019-04-16,856304.0,1227.13
2019-04-17,1221930.0,1236.34
2019-04-18,1331823.0,1236.37
2019-04-22,807334.0,1248.84
2019-04-23,1319910.0,1264.55
2019-04-24,1018753.0,1256.0
2019-04-25,1107295.0,1263.45
2019-04-26,1241428.0,1272.18
2019-04-29,2499432.0,1287.58
2019-04-30,6207027.0,1188.48
2019-05-01,2642983.0,1168.08
2019-05-02,1944817.0,1162.61
2019-05-03,1980653.0,1185.4
2019-05-06,1563943.0,1189.39
2019-05-07,1551368.0,1174.1
2019-05-08,1309514.0,1166.27
2019-05-09,1185973.0,1162.38
2019-05-10,1314546.0,1164.27
2019-05-13,1860648.0,1132.03
2019-05-14,1836604.0,1120.44
2019-05-15,2289302.0,1164.21
2019-05-16,1531404.0,1178.98
2019-05-17,1208623.0,1162.3
2019-05-20,1353292.0,1138.85
2019-05-21,1160158.0,1149.63
2019-05-22,914839.0,1151.42
2019-05-23,1199300.0,1140.77
2019-05-24,1112341.0,1133.47
2019-05-28,1365166.0,1134.15
2019-05-29,1538212.0,1116.46
2019-05-30,951873.0,1117.95
2019-05-31,1508203.0,1103.63
2019-06-03,5130576.0,1036.23
2019-06-04,2833483.0,1053.05
2019-06-05,2168439.0,1042.22
2019-06-06,1703244.0,1044.34
2019-06-07,1802370.0,1066.04
2019-06-10,1464248.0,1080.38
2019-06-11,1437063.0,1078.72
2019-06-12,1061255.0,1077.03
2019-06-13,1058000.0,1088.77
2019-06-14,1111643.0,1085.35
2019-06-17,941602.0,1092.5
2019-06-18,1386684.0,1103.6
2019-06-19,1339218.0,1102.33
2019-06-20,1262011.0,1111.42
2019-06-21,1947591.0,1121.88
2019-06-24,1395696.0,1115.52
2019-06-25,1546913.0,1086.35
2019-06-26,1810869.0,1079.8
2019-06-27,1004477.0,1076.01
2019-06-28,1693450.0,1080.91
2019-07-01,1438504.0,1097.95
2019-07-02,991755.0,1111.25
2019-07-03,767011.0,1121.58
2019-07-05,1264540.0,1131.59
2019-07-08,1236419.0,1116.35
2019-07-09,1330370.0,1124.83
2019-07-10,1209466.0,1140.48
2019-07-11,1195569.0,1144.21
2019-07-12,863973.0,1144.9
2019-07-15,903780.0,1150.34
2019-07-16,1238807.0,1153.58
2019-07-17,1170047.0,1146.35
2019-07-18,1291281.0,1146.33
2019-07-19,1647245.0,1130.1
2019-07-22,1301846.0,1138.07
2019-07-23,1093688.0,1146.21
2019-07-24,1590101.0,1137.81
2019-07-25,2209881.0,1132.12
2019-07-26,4805752.0,1250.41
2019-07-29,2223731.0,1239.41
2019-07-30,1453263.0,1225.14
2019-07-31,1725454.0,1216.68
2019-08-01,1698510.0,1209.01
2019-08-02,1645067.0,1193.99
2019-08-05,2597455.0,1152.32
2019-08-06,1709374.0,1169.95
2019-08-07,1444324.0,1173.99
2019-08-08,1467997.0,1204.8
2019-08-09,1065658.0,1188.01
2019-08-12,1003187.0,1174.71
2019-08-13,1318009.0,1197.27
2019-08-14,1578668.0,1164.29
2019-08-15,1224739.0,1167.26
2019-08-16,1349436.0,1177.6
2019-08-19,1232517.0,1198.45
2019-08-20,915605.0,1182.69
2019-08-21,741053.0,1191.25
2019-08-22,947906.0,1189.53
2019-08-23,1688271.0,1151.29
2019-08-26,1226441.0,1168.89
2019-08-27,1077452.0,1167.84
2019-08-28,770915.0,1171.02
2019-08-29,1088858.0,1192.85
2019-08-30,1129959.0,1188.1
2019-09-03,1480420.0,1168.39
2019-09-04,1068968.0,1181.41
2019-09-05,1408601.0,1211.38
2019-09-06,1072143.0,1204.93
2019-09-09,1471880.0,1204.41
2019-09-10,1260115.0,1206.0
2019-09-11,1307033.0,1220.17
2019-09-12,1725908.0,1234.25
2019-09-13,1301350.0,1239.56
2019-09-16,1053299.0,1231.3
2019-09-17,958112.0,1229.15
2019-09-18,1144333.0,1232.41
2019-09-19,1000155.0,1238.71
2019-09-20,2337269.0,1229.93
2019-09-23,1075253.0,1234.03
2019-09-24,1591786.0,1218.76
2019-09-25,1593875.0,1246.52
2019-09-26,1561882.0,1241.39
2019-09-27,1354432.0,1225.09
2019-09-30,1419676.0,1219.0
2019-10-01,1358279.0,1205.1
2019-10-02,1639237.0,1176.63
2019-10-03,1663656.0,1187.83
2019-10-04,1183264.0,1209.0
2019-10-07,867149.0,1207.68
2019-10-08,1141784.0,1189.13
2019-10-09,876632.0,1202.31
2019-10-10,932531.0,1208.67
2019-10-11,1277144.0,1215.45
2019-10-14,882039.0,1217.14
2019-10-15,1395259.0,1243.01
2019-10-16,1168174.0,1243.64
2019-10-17,980510.0,1253.07
2019-10-18,1321924.0,1245.49
2019-10-21,1026750.0,1246.15
2019-10-22,1047851.0,1242.8
2019-10-23,928595.0,1259.13
2019-10-24,1039868.0,1260.99
2019-10-25,1213051.0,1265.13
2019-10-28,2524976.0,1290.0
2019-10-29,1886380.0,1262.62
2019-10-30,1408851.0,1261.29
2019-10-31,1455651.0,1260.11
2019-11-01,1670072.0,1273.74
2019-11-04,1500964.0,1291.37
2019-11-05,1282711.0,1292.03
2019-11-06,1152977.0,1291.8
2019-11-07,2029970.0,1308.86
2019-11-08,1251916.0,1311.37
2019-11-11,1012429.0,1299.19
2019-11-12,1085859.0,1298.8
2019-11-13,853861.0,1298.0
2019-11-14,1194305.0,1311.46
2019-11-15,1782955.0,1334.87
2019-11-18,1488083.0,1320.7
2019-11-19,1269372.0,1315.46
2019-11-20,1309835.0,1303.05
2019-11-21,995499.0,1301.35
2019-11-22,1386506.0,1295.34
2019-11-25,1036487.0,1306.69
2019-11-26,1069795.0,1313.55
2019-11-27,996329.0,1312.99
2019-11-29,586981.0,1304.96
2019-12-02,1511851.0,1289.92
2019-12-03,1268647.0,1295.28
2019-12-04,1538110.0,1320.54
2019-12-05,1212818.0,1328.13
2019-12-06,1315510.0,1340.62
2019-12-09,1355795.0,1343.56
2019-12-10,1094653.0,1344.66
2019-12-11,850796.0,1345.02
2019-12-12,1281722.0,1350.27
2019-12-13,1550028.0,1347.83
2019-12-16,1397451.0,1361.17
2019-12-17,1855259.0,1355.12
2019-12-18,1657069.0,1352.62
2019-12-19,1470112.0,1356.04
2019-12-20,3316905.0,1349.59
2019-12-23,883200.0,1348.84
2019-12-24,347518.0,1343.56
2019-12-26,667754.0,1360.4
2019-12-27,1038718.0,1351.89
2019-12-30,1051323.0,1336.14
2019-12-31,962468.0,1337.02
2020-01-02,1406731.0,1367.37
2020-01-03,1187006.0,1360.66
2020-01-06,1733149.0,1394.21
2020-01-07,1511693.0,1393.34
2020-01-08,1529177.0,1404.32
2020-01-09,1502664.0,1419.83
2020-01-10,1821566.0,1429.73
2020-01-13,1378286.0,1439.23
2020-01-14,1560453.0,1430.88
2020-01-15,1282685.0,1439.2
2020-01-16,1173688.0,1451.7
2020-01-17,2396215.0,1480.39
2020-01-21,2008830.0,1484.4
2020-01-22,1610846.0,1485.95
2020-01-23,1351354.0,1486.65
2020-01-24,1784644.0,1466.71
2020-01-27,1755201.0,1433.9
2020-01-28,1577422.0,1452.56
2020-01-29,1078667.0,1458.63
2020-01-30,1339421.0,1455.84
2020-01-31,2417214.0,1434.23
2020-02-03,3055216.0,1485.94
2020-02-04,3932954.0,1447.07
2020-02-05,1986157.0,1448.23
2020-02-06,1679384.0,1476.23
2020-02-07,1172270.0,1479.23
2020-02-10,1419876.0,1508.68
2020-02-11,1344633.0,1508.79
2020-02-12,1167565.0,1518.27
2020-02-13,929730.0,1514.66
2020-02-14,1197836.0,1520.74
2020-02-18,1121140.0,1519.67
2020-02-19,949268.0,1526.69
2020-02-20,1096552.0,1518.15
2020-02-21,1732273.0,1485.11
2020-02-24,2867053.0,1421.59
2020-02-25,2478278.0,1388.45
2020-02-26,2204037.0,1393.18
2020-02-27,2978300.0,1318.09
2020-02-28,3790618.0,1339.33
2020-03-02,2431468.0,1389.11
2020-03-03,2402326.0,1341.39
2020-03-04,1913315.0,1386.52
2020-03-05,2561288.0,1319.04
2020-03-06,2660628.0,1298.41
2020-03-09,3365365.0,1215.56
2020-03-10,2611373.0,1280.39
2020-03-11,2611229.0,1215.41
2020-03-12,4226748.0,1114.91
2020-03-13,3700125.0,1219.73
2020-03-16,4252365.0,1084.33
2020-03-17,3861489.0,1119.8
2020-03-18,4233435.0,1096.8
2020-03-19,3651106.0,1115.29
2020-03-20,3601750.0,1072.32
2020-03-23,4044137.0,1056.62
2020-03-24,3344450.0,1134.46
2020-03-25,4081528.0,1102.49
2020-03-26,3573755.0,1161.75
2020-03-27,3208495.0,1110.71
2020-03-30,2574061.0,1146.82
2020-03-31,2487983.0,1162.81
2020-04-01,2344173.0,1105.62
2020-04-02,1964881.0,1120.84
2020-04-03,2313400.0,1097.88
2020-04-06,2664723.0,1186.92
2020-04-07,2387329.0,1186.51
2020-04-08,1975135.0,1210.28
2020-04-09,2175421.0,1211.45
2020-04-13,1739828.0,1217.56
2020-04-14,2470353.0,1269.23
2020-04-15,1671703.0,1262.47
2020-04-16,2518099.0,1263.47
2020-04-17,1949042.0,1283.25
2020-04-20,1695488.0,1266.61
2020-04-21,2153003.0,1216.34
2020-04-22,2093140.0,1263.21
2020-04-23,1566203.0,1276.31
2020-04-24,1640394.0,1279.31
2020-04-27,1600563.0,1275.88
2020-04-28,2951309.0,1233.67
2020-04-29,3793630.0,1341.48
2020-04-30,2668906.0,1348.66
2020-05-01,2072639.0,1320.61
2020-05-04,1504017.0,1326.8
2020-05-05,1651533.0,1351.11
2020-05-06,1215423.0,1347.3
2020-05-07,1399759.0,1372.56
2020-05-08,1388068.0,1388.37
2020-05-11,1412116.0,1403.26
2020-05-12,1390600.0,1375.74
2020-05-13,1812585.0,1349.33
2020-05-14,1603077.0,1356.13
2020-05-15,1707747.0,1373.19
2020-05-18,1823964.0,1383.94
2020-05-19,1280649.0,1373.48
2020-05-20,1655375.0,1406.72
2020-05-21,1378020.0,1402.8
2020-05-22,1309408.0,1410.42
2020-05-26,2060643.0,1417.02
2020-05-27,1686142.0,1417.84
2020-05-28,1693976.0,1416.73
2020-05-29,1838059.0,1428.92
2020-06-01,1217140.0,1431.82
2020-06-02,1278128.0,1439.22
2020-06-03,1256186.0,1436.38
2020-06-04,1484272.0,1412.18
2020-06-05,1735244.0,1438.39
2020-06-08,1404178.0,1446.61
2020-06-09,1409249.0,1456.16
2020-06-10,1525153.0,1465.85
2020-06-11,1991332.0,1403.84
2020-06-12,1946367.0,1413.18
2020-06-15,1506096.0,1419.85
2020-06-16,1711614.0,1442.72
2020-06-17,1549615.0,1451.12
2020-06-18,1581916.0,1435.96
2020-06-19,3157875.0,1431.72
2020-06-22,1542440.0,1451.86
2020-06-23,1429764.0,1464.41
2020-06-24,1756022.0,1431.97
2020-06-25,1230474.0,1441.33
2020-06-26,4267698.0,1359.9
2020-06-29,1810180.0,1394.97
2020-06-30,2042381.0,1413.61
2020-07-01,1775613.0,1438.04
2020-07-02,1859790.0,1464.7
2020-07-06,1563997.0,1495.7
2020-07-07,1458216.0,1485.18
2020-07-08,1249731.0,1496.0
2020-07-09,1423322.0,1510.99
2020-07-10,1857204.0,1541.74
2020-07-13,1846424.0,1511.34
2020-07-14,1585021.0,1520.58
2020-07-15,1761036.0,1513.64
2020-07-16,1519346.0,1518.0
2020-07-17,1457014.0,1515.55
2020-07-20,1547136.0,1565.72
2020-07-21,1183101.0,1558.42
2020-07-22,931985.0,1568.49
2020-07-23,1627634.0,1515.68
2020-07-24,1544404.0,1511.87
2020-07-27,1245980.0,1530.2
2020-07-28,1702174.0,1500.34
2020-07-29,1106534.0,1522.02
2020-07-30,1671396.0,1531.45
2020-07-31,3429036.0,1482.96
2020-08-03,2331514.0,1474.45
2020-08-04,1903489.0,1464.97
2020-08-05,1979957.0,1473.61
2020-08-06,1995368.0,1500.1
2020-08-07,1577826.0,1494.49
2020-08-10,1289530.0,1496.1
2020-08-11,1454365.0,1480.32
2020-08-12,1437655.0,1506.62
2020-08-13,1455208.0,1518.45
2020-08-14,1355200.0,1507.73
2020-08-17,1364082.0,1517.98
2020-08-18,2027086.0,1558.6
2020-08-19,1660611.0,1547.53
2020-08-20,1706877.0,1581.75
2020-08-21,1446453.0,1580.42
2020-08-24,1410229.0,1588.2
2020-08-25,2132084.0,1608.22
2020-08-26,3581072.0,1652.38
2020-08-27,1861602.0,1634.33
2020-08-28,1499782.0,1644.41
2020-08-31,1823406.0,1634.18
2020-09-01,1826655.0,1660.71
2020-09-02,2511180.0,1728.28
2020-09-03,3107763.0,1641.84
2020-09-04,2608568.0,1591.04
2020-09-08,2610884.0,1532.39
2020-09-09,1774704.0,1556.96
2020-09-10,1618557.0,1532.02
2020-09-11,1597087.0,1520.72
2020-09-14,1696589.0,1519.28
2020-09-15,1331082.0,1541.44
2020-09-16,1312299.0,1520.9
2020-09-17,1879751.0,1495.53
2020-09-18,3103882.0,1459.99
2020-09-21,2888827.0,1431.16
2020-09-22,1583201.0,1465.46
2020-09-23,1657350.0,1415.21
2020-09-24,1450216.0,1428.29
2020-09-25,1323375.0,1444.96
2020-09-28,2007941.0,1464.52
2020-09-29,979102.0,1469.33
2020-09-30,1701608.0,1469.6
2020-10-01,1779497.0,1490.09
2020-10-02,1284071.0,1458.42
2020-10-05,1113257.0,1486.02
2020-10-06,1245423.0,1453.44
2020-10-07,1746156.0,1460.29
2020-10-08,1187831.0,1485.93
2020-10-09,1435542.0,1515.22
2020-10-12,2482560.0,1569.15
2020-10-13,1601043.0,1571.68
2020-10-14,1930990.0,1568.08
2020-10-15,1540817.0,1559.13
2020-10-16,1435137.0,1573.01
2020-10-19,1607075.0,1534.61
2020-10-20,2242572.0,1555.93
2020-10-21,2568345.0,1593.31
2020-10-22,1434042.0,1615.33
2020-10-23,1375844.0,1641.0
2020-10-26,1853254.0,1590.45
2020-10-27,1229002.0,1604.26
2020-10-28,1833959.0,1516.62
2020-10-29,2003064.0,1567.24
2020-10-30,4330862.0,1621.01
2020-11-02,2535446.0,1626.03
2020-11-03,1661653.0,1650.21
2020-11-04,3570927.0,1749.13
2020-11-05,2065812.0,1763.37
2020-11-06,1661225.0,1761.75
2020-11-09,2268270.0,1763.0
2020-11-10,2636142.0,1740.39
2020-11-11,1263966.0,1752.71
2020-11-12,1248754.0,1749.84
2020-11-13,1500574.0,1777.02
2020-11-16,1246785.0,1781.38
2020-11-17,1147114.0,1770.15
2020-11-18,1173466.0,1746.78
2020-11-19,1249910.0,1763.92
2020-11-20,2313655.0,1742.19
2020-11-23,2161975.0,1734.86
2020-11-24,1491698.0,1768.88
2020-11-25,1046122.0,1771.43
2020-11-27,884916.0,1793.19
2020-11-30,1823836.0,1760.74
2020-12-01,1693593.0,1798.1
2020-12-02,1222032.0,1827.95
2020-12-03,1227298.0,1826.77
2020-12-04,1378166.0,1827.99
2020-12-07,1320946.0,1819.48
2020-12-08,1096319.0,1818.55
2020-12-09,1507558.0,1784.13
2020-12-10,1362848.0,1775.33
2020-12-11,1220651.0,1781.77
2020-12-14,1600173.0,1760.06
2020-12-15,1482261.0,1767.77
2020-12-16,1513543.0,1763.0
2020-12-17,1624744.0,1747.9
2020-12-18,4016353.0,1731.01
2020-12-21,1828378.0,1739.37
2020-12-22,938346.0,1723.5
2020-12-23,1033917.0,1732.38
2020-12-24,346753.0,1738.85
2020-12-28,1390962.0,1776.09
2020-12-29,1299395.0,1758.72
2020-12-30,1306130.0,1739.52
2020-12-31,1012240.0,1751.88
2021-01-04,1901855.0,1728.24
2021-01-05,1145347.0,1740.92
2021-01-06,2602114.0,1735.29
2021-01-07,2265022.0,1787.25
2021-01-08,2051002.0,1807.21
2021-01-11,1209735.0,1766.72
2021-01-12,1356464.0,1746.55
2021-01-13,1094131.0,1754.4
2021-01-14,1179477.0,1740.18
2021-01-15,1342170.0,1736.19
2021-01-19,1734614.0,1790.86
2021-01-20,2490258.0,1886.9
2021-01-21,2063932.0,1891.25
2021-01-22,1272232.0,1901.05
2021-01-25,1927320.0,1899.4
2021-01-26,1313139.0,1917.24
2021-01-27,2748292.0,1830.79
2021-01-28,1773138.0,1863.11
2021-01-29,1612552.0,1835.74
2021-02-01,1602182.0,1901.35
2021-02-02,2103864.0,1927.51
2021-02-03,4118170.0,2070.07
2021-02-04,1852329.0,2062.37
2021-02-05,1535135.0,2098.0
2021-02-08,1242411.0,2092.91
2021-02-09,886247.0,2083.51
2021-02-10,1132741.0,2095.38
2021-02-11,945650.0,2095.89
2021-02-12,855865.0,2104.11
2021-02-16,1133838.0,2121.9
2021-02-17,1020252.0,2128.31
2021-02-18,1121855.0,2117.2
2021-02-19,1457612.0,2101.14
2021-02-22,1349856.0,2064.88
2021-02-23,1667377.0,2070.86
2021-02-24,1248349.0,2095.17
2021-02-25,1761201.0,2031.36
2021-02-26,2076974.0,2036.86
2021-03-01,1405115.0,2081.51
2021-03-02,1134595.0,2075.84
2021-03-03,1484181.0,2026.71
2021-03-04,2118006.0,2049.09
2021-03-05,2195218.0,2108.54
2021-03-08,1647429.0,2024.17
2021-03-09,1697306.0,2052.7
2021-03-10,1268592.0,2055.03
2021-03-11,1239080.0,2114.77
2021-03-12,1725794.0,2061.92
2021-03-15,1298325.0,2066.49
2021-03-16,1491564.0,2092.52
2021-03-17,1299016.0,2091.08
2021-03-18,1362430.0,2036.22
2021-03-19,2314893.0,2043.2
2021-03-22,1954816.0,2038.59
2021-03-23,1366997.0,2052.96
2021-03-24,1154029.0,2045.06
2021-03-25,1418907.0,2044.36
2021-03-26,1493800.0,2035.55
2021-03-29,1229777.0,2055.95
2021-03-30,1036774.0,2055.54
2021-03-31,1459930.0,2068.63
2021-04-01,1698978.0,2137.75
2021-04-05,2164875.0,2225.55
2021-04-06,1353036.0,2224.75
2021-04-07,1289861.0,2249.68
2021-04-08,1358259.0,2265.44
2021-04-09,1044365.0,2285.88
2021-04-12,1565851.0,2254.79
2021-04-13,1165804.0,2267.27
2021-04-14,1010967.0,2254.84
2021-04-15,1373612.0,2296.66
2021-04-16,1130090.0,2297.76
2021-04-19,1234445.0,2302.4
2021-04-20,1088749.0,2293.63
2021-04-21,1196731.0,2293.29
2021-04-22,1054808.0,2267.92
2021-04-23,1435162.0,2315.3
2021-04-26,1041650.0,2326.74
2021-04-27,1598583.0,2307.12
2021-04-28,2986439.0,2379.91
2021-04-29,1977677.0,2429.89
2021-04-30,1957130.0,2410.12
2021-05-03,1689389.0,2395.17
2021-05-04,1756015.0,2354.25
2021-05-05,1090275.0,2356.74
2021-05-06,1030859.0,2381.35
2021-05-07,1163892.0,2398.69
2021-05-10,1300271.0,2341.66
2021-05-11,1605548.0,2308.76
2021-05-12,1746664.0,2239.08
2021-05-13,1333508.0,2261.97
2021-05-14,1331248.0,2316.16
2021-05-17,992416.0,2321.41
2021-05-18,865119.0,2303.43
2021-05-19,967544.0,2308.71
2021-05-20,1191593.0,2356.09
2021-05-21,1141632.0,2345.1
2021-05-24,1062189.0,2406.67
2021-05-25,941928.0,2409.07
2021-05-26,1092819.0,2433.53
2021-05-27,1948113.0,2402.51
2021-05-28,1205382.0,2411.56
2021-06-01,958289.0,2429.81
2021-06-02,858105.0,2421.28
2021-06-03,917291.0,2404.61
2021-06-04,1297434.0,2451.76
2021-06-07,1192453.0,2466.09
2021-06-08,1253253.0,2482.85
2021-06-09,1006337.0,2491.4
2021-06-10,1561733.0,2521.6
2021-06-11,1262309.0,2513.93
2021-06-14,1127522.0,2527.04
2021-06-15,1109130.0,2520.66
2021-06-16,1307168.0,2513.93
2021-06-17,1287791.0,2527.42
2021-06-18,2665310.0,2511.35
2021-06-21,1312826.0,2529.1
2021-06-22,1049310.0,2539.99
2021-06-23,984658.0,2529.23
2021-06-24,946662.0,2545.64
2021-06-25,1674297.0,2539.9
2021-06-28,1405543.0,2536.39
2021-06-29,1047478.0,2520.37
2021-06-30,1200478.0,2506.32
2021-07-01,856230.0,2527.37
2021-07-02,1058256.0,2574.38
2021-07-06,1067517.0,2595.42
2021-07-07,834186.0,2601.55
2021-07-08,988975.0,2583.54
2021-07-09,755466.0,2591.49
2021-07-12,847546.0,2611.28
2021-07-13,830898.0,2619.89
2021-07-14,895927.0,2641.65
2021-07-15,829316.0,2625.33
2021-07-16,743059.0,2636.91
2021-07-19,1285466.0,2585.08
2021-07-20,954156.0,2622.03
2021-07-21,737082.0,2652.01
2021-07-22,680407.0,2666.57
2021-07-23,1318887.0,2756.32
2021-07-26,1152623.0,2792.89
2021-07-27,2108153.0,2735.93
2021-07-28,2734417.0,2727.63
2021-07-29,948565.0,2730.81
2021-07-30,1197725.0,2704.42
2021-08-02,1007002.0,2719.79
2021-08-03,953200.0,2725.6
2021-08-04,826357.0,2720.57
2021-08-05,593589.0,2738.8
2021-08-06,678251.0,2740.72
2021-08-09,618978.0,2760.04
2021-08-10,801954.0,2761.93
2021-08-11,760483.0,2753.79
2021-08-12,732470.0,2767.79
2021-08-13,626348.0,2768.12
2021-08-16,902542.0,2778.32
2021-08-17,1063701.0,2746.01
2021-08-18,746723.0,2731.4
2021-08-19,914796.0,2738.27
2021-08-20,778337.0,2768.74
2021-08-23,1054484.0,2821.99
2021-08-24,756313.0,2847.97
2021-08-25,642153.0,2859.0
2021-08-26,746100.0,2842.46
2021-08-27,1228412.0,2891.01
2021-08-30,845795.0,2909.39
2021-08-31,1337821.0,2909.24
2021-09-01,791234.0,2916.84
2021-09-02,1092790.0,2884.38
2021-09-03,955524.0,2895.5
2021-09-07,758630.0,2910.38
2021-09-08,774583.0,2897.67
2021-09-09,739928.0,2898.27
2021-09-10,1644831.0,2838.42
2021-09-13,1008781.0,2869.3
2021-09-14,945957.0,2868.12
2021-09-15,1032671.0,2904.12
2021-09-16,1014942.0,2887.47
2021-09-17,3001991.0,2829.27
2021-09-20,1745886.0,2780.34
2021-09-21,906469.0,2792.93
2021-09-22,1103390.0,2818.77
2021-09-23,863805.0,2836.53
2021-09-24,747467.0,2852.66
2021-09-27,942204.0,2830.02
2021-09-28,2109483.0,2723.68
2021-09-29,1316861.0,2690.42
2021-09-30,1768199.0,2665.31
2021-10-01,1419365.0,2729.25
2021-10-04,1576495.0,2675.3
2021-10-05,1206337.0,2723.54
2021-10-06,988216.0,2747.08
2021-10-07,912523.0,2783.71
2021-10-08,946421.0,2801.12
2021-10-11,829238.0,2776.95
2021-10-12,1126751.0,2734.26
2021-10-13,819664.0,2758.0
2021-10-14,1071878.0,2828.24
2021-10-15,1062668.0,2833.5
2021-10-18,828360.0,2859.21
2021-10-19,765792.0,2876.44
2021-10-20,896975.0,2848.3
2021-10-21,742496.0,2855.61
2021-10-22,1509132.0,2772.5
2021-10-25,1054085.0,2775.46
2021-10-26,1412937.0,2793.44
2021-10-27,2592546.0,2928.55
2021-10-28,1620903.0,2922.58
2021-10-29,1447725.0,2965.41
2021-11-01,1578447.0,2875.48
2021-11-02,1054648.0,2917.26
2021-11-03,894330.0,2935.8
2021-11-04,1235040.0,2973.66
2021-11-05,1020407.0,2984.82
2021-11-08,919407.0,2987.03
2021-11-09,842214.0,2984.97
2021-11-10,1135416.0,2932.52
2021-11-11,623155.0,2934.96
2021-11-12,849970.0,2992.91
2021-11-15,812367.0,2987.76
2021-11-16,862743.0,2981.52
2021-11-17,764541.0,2981.24
2021-11-18,1334120.0,3014.18
2021-11-19,989148.0,2999.05
2021-11-22,1231385.0,2941.57
2021-11-23,906657.0,2935.14
2021-11-24,823203.0,2934.35
2021-11-26,849606.0,2856.12
2021-11-29,1313806.0,2922.28
2021-11-30,2079526.0,2849.04
2021-12-01,1427289.0,2832.36
2021-12-02,1062535.0,2875.53
2021-12-03,1334374.0,2850.41
2021-12-06,1109885.0,2875.93
2021-12-07,1162914.0,2960.73
2021-12-08,948197.0,2974.41
2021-12-09,929030.0,2962.12
2021-12-10,1081923.0,2973.5
2021-12-13,1205196.0,2934.09
2021-12-14,1238940.0,2899.41
2021-12-15,1364048.0,2947.37
2021-12-16,1369987.0,2896.77
2021-12-17,2170235.0,2856.06
2021-12-20,1013176.0,2848.03
2021-12-21,977597.0,2884.41
2021-12-22,922024.0,2938.98
2021-12-23,690934.0,2942.85
2021-12-27,662966.0,2961.28
2021-12-28,931792.0,2928.96
2021-12-29,851236.0,2930.09
2021-12-30,648851.0,2920.05
2021-12-31,847077.0,2893.59
2022-01-03,1261225.0,2901.49
2022-01-04,1146389.0,2888.33
2022-01-05,2482076.0,2753.07
2022-01-06,1452452.0,2751.02
2022-01-07,970412.0,2740.09
2022-01-10,1704784.0,2771.48
2022-01-11,1148153.0,2800.35
2022-01-12,1182079.0,2832.96
2022-01-13,1328254.0,2782.62
2022-01-14,1191296.0,2795.73
2022-01-18,1347275.0,2725.81
2022-01-19,1002757.0,2713.04
2022-01-20,1096528.0,2670.13
2022-01-21,2095961.0,2601.84
2022-01-24,2764602.0,2607.44
2022-01-25,1800430.0,2534.71
2022-01-26,1981544.0,2584.8
2022-01-27,1514251.0,2582.42
2022-01-28,1525878.0,2665.79
2022-01-31,1702778.0,2713.97
2022-02-01,2560160.0,2757.57
2022-02-02,4487538.0,2960.73
2022-02-03,2846507.0,2853.01
2022-02-04,2461220.0,2860.32
2022-02-07,2230537.0,2778.76
2022-02-08,1712752.0,2784.26
2022-02-09,1431358.0,2829.06
2022-02-10,1650885.0,2772.05
2022-02-11,1940440.0,2682.6
2022-02-14,1339640.0,2706.0
2022-02-15,1328878.0,2728.51
2022-02-16,1280483.0,2749.75
2022-02-17,1548406.0,2646.17
2022-02-18,1592930.0,2609.35
2022-02-22,1922576.0,2588.05
2022-02-23,1321564.0,2551.7
2022-02-24,2158254.0,2653.47
2022-02-25,1311793.0,2690.39
2022-02-28,1483784.0,2697.82
2022-03-01,1231996.0,2683.36
2022-03-02,1198337.0,2695.03
2022-03-03,988965.0,2686.16
2022-03-04,1223612.0,2642.44
2022-03-07,1958895.0,2529.29
2022-03-08,1762478.0,2545.57
2022-03-09,1612872.0,2677.32
2022-03-10,1213260.0,2653.64
2022-03-11,1329990.0,2609.51
2022-03-14,1512693.0,2534.82
2022-03-15,1514630.0,2593.21
2022-03-16,1602910.0,2673.81
2022-03-17,1199719.0,2692.01
2022-03-18,2274522.0,2736.03
2022-03-21,1311843.0,2729.57
2022-03-22,1485315.0,2805.55
2022-03-23,1265116.0,2770.07
2022-03-24,1027236.0,2826.24
2022-03-25,946137.0,2830.43
2022-03-28,1188654.0,2839.0
2022-03-29,1433921.0,2865.0
2022-03-30,1052319.0,2852.89
2022-03-31,1475816.0,2792.99
2022-04-01,1174001.0,2814.0
2022-04-04,954245.0,2872.85
2022-04-05,926553.0,2821.26
2022-04-06,1178730.0,2743.52
2022-04-07,972427.0,2729.3
2022-04-08,821724.0,2680.21
2022-04-11,1209367.0,2595.93
2022-04-12,1150161.0,2567.49
2022-04-13,977148.0,2605.72
2022-04-14,1174168.0,2545.06
2022-04-18,745860.0,2559.22
2022-04-19,1135965.0,2610.62
2022-04-20,1126974.0,2564.91
2022-04-21,1507877.0,2498.75
2022-04-22,2320515.0,2392.28
2022-04-25,1726090.0,2465.0
2022-04-26,2284104.0,2390.12
2022-04-27,3111906.0,2300.41
2022-04-28,1839547.0,2388.23
2022-04-29,1684655.0,2299.33
2022-05-02,1513982.0,2343.14
2022-05-03,1060787.0,2362.59
2022-05-04,1656826.0,2451.5
2022-05-05,2154452.0,2334.93
2022-05-06,1765474.0,2313.2
2022-05-09,1726048.0,2261.68
2022-05-10,1557889.0,2291.69
2022-05-11,1825082.0,2279.22
2022-05-12,2073244.0,2263.22
2022-05-13,1486878.0,2330.31
2022-05-16,1164119.0,2295.85
2022-05-17,1078804.0,2334.03
2022-05-18,1399138.0,2248.02
2022-05-19,1459587.0,2214.91
2022-05-20,1879301.0,2186.26
2022-05-23,1577911.0,2233.33
2022-05-24,3019319.0,2118.52
2022-05-25,1894967.0,2116.79
2022-05-26,1514374.0,2165.92
2022-05-27,1496221.0,2255.98
2022-05-31,2565096.0,2280.78
2022-06-01,1431464.0,2282.74
2022-06-02,1374770.0,2354.92
2022-06-03,1247604.0,2291.28
2022-06-06,1189336.0,2340.21
2022-06-07,1320677.0,2344.59
2022-06-08,1127213.0,2344.76
2022-06-09,1157080.0,2298.36
2022-06-10,1567487.0,2228.55
2022-06-13,1837810.0,2137.53
2022-06-14,1274047.0,2143.88
2022-06-15,1659601.0,2207.81
2022-06-16,1765662.0,2132.72
2022-06-17,2175833.0,2157.31
2022-06-21,1950514.0,2240.3
2022-06-22,1196086.0,2240.68
2022-06-23,1235486.0,2253.69
2022-06-24,1956138.0,2370.76
2022-06-27,1641965.0,2332.45
2022-06-28,1415811.0,2251.43
2022-06-29,931393.0,2245.13
2022-06-30,1902302.0,2187.45
2022-07-01,1551394.0,2181.62
2022-07-05,1821469.0,2277.74
2022-07-06,1442634.0,2304.27
2022-07-07,1609197.0,2386.12
2022-07-08,1454110.0,2403.37
2022-07-11,1341523.0,2330.45
2022-07-12,1248508.0,2296.99
2022-07-13,1947943.0,2243.74
2022-07-14,1618277.0,2228.8
2022-07-15,1716538.0,2255.34
2022-07-18,33247345.0,109.91
2022-07-19,30992331.0,114.62
2022-07-20,26780088.0,114.7
2022-07-21,27267848.0,115.04
2022-07-22,44455304.0,108.36
2022-07-25,28289942.0,108.21
2022-07-26,36626630.0,105.44
2022-07-27,41474618.0,113.6
2022-07-28,23303844.0,114.59
2022-07-29,31336183.0,116.64
2022-08-01,22856202.0,115.48
2022-08-02,17911039.0,115.9
2022-08-03,25302816.0,118.78
2022-08-04,15757698.0,118.87
2022-08-05,15615663.0,118.22
2022-08-08,17061112.0,118.14
2022-08-09,15424257.0,117.5
2022-08-10,20497021.0,120.65
2022-08-11,16671627.0,119.82
2022-08-12,16121087.0,122.65
2022-08-15,15524951.0,122.88
2022-08-16,15626171.0,122.51
2022-08-17,17589157.0,120.32
2022-08-18,15652029.0,120.86
2022-08-19,20186983.0,118.12
2022-08-22,19316024.0,115.07
2022-08-23,14390691.0,114.77
2022-08-24,16051174.0,114.7
2022-08-25,14874666.0,117.7
2022-08-26,31698668.0,111.3
2022-08-29,20347494.0,110.34
2022-08-30,20548202.0,109.91
2022-08-31,25897978.0,109.15
2022-09-01,22784385.0,110.55
2022-09-02,20618080.0,108.68
2022-09-06,20529528.0,107.48
2022-09-07,22987178.0,110.48
2022-09-08,21660654.0,109.42
2022-09-09,21745034.0,111.78
2022-09-12,19732905.0,111.87
2022-09-13,33014991.0,105.31
2022-09-14,22115805.0,105.87
2022-09-15,26494933.0,103.9
2022-09-16,64540115.0,103.63
2022-09-19,19738603.0,103.85
2022-09-20,24001668.0,101.83
2022-09-21,26596757.0,100.01
2022-09-22,21145595.0,100.57
2022-09-23,25656959.0,99.17
2022-09-26,22437938.0,98.81
2022-09-27,24224988.0,98.09
2022-09-28,24616999.0,100.74
2022-09-29,21921520.0,98.09
2022-09-30,26277832.0,96.15
2022-10-03,24840028.0,99.3
2022-10-04,22580931.0,102.41
2022-10-05,18475515.0,102.22
2022-10-06,17156240.0,102.24
2022-10-07,24249910.0,99.57
2022-10-10,16529897.0,98.71
2022-10-11,21617727.0,98.05
2022-10-12,17343431.0,98.3
2022-10-13,32812220.0,99.71
2022-10-14,22624832.0,97.18
2022-10-17,23311604.0,100.78
2022-10-18,21610541.0,101.39
2022-10-19,21573686.0,100.29
2022-10-20,25125082.0,100.53
2022-10-21,28988727.0,101.48
2022-10-24,24680831.0,102.97
2022-10-25,29910170.0,104.93
2022-10-26,71671814.0,94.82
2022-10-27,54036485.0,92.6
2022-10-28,35696925.0,96.58
2022-10-31,29868714.0,94.66
2022-11-01,43220599.0,90.5
2022-11-02,43553551.0,87.07
2022-11-03,48510364.0,83.49
2022-11-04,40173284.0,86.7
2022-11-07,26899879.0,88.65
2022-11-08,30172001.0,88.91
2022-11-09,26743883.0,87.4
2022-11-10,42371216.0,94.17
2022-11-11,30569112.0,96.73
2022-11-14,24170076.0,96.03
2022-11-15,31830969.0,98.72
2022-11-16,24660195.0,98.99
2022-11-17,21818732.0,98.5
2022-11-18,24969880.0,97.8
2022-11-21,18696874.0,95.83
2022-11-22,18868850.0,97.33
2022-11-23,17568859.0,98.82
2022-11-25,8567819.0,97.6
2022-11-28,19981974.0,96.25
2022-11-29,20220007.0,95.44
2022-11-30,39888074.0,101.45
2022-12-01,21771536.0,101.28
2022-12-02,18821527.0,100.83
2022-12-05,19955546.0,99.87
2022-12-06,20877623.0,97.31
2022-12-07,26647877.0,95.15
2022-12-08,25593232.0,93.95
2022-12-09,21885308.0,93.07
2022-12-12,27380948.0,93.56
2022-12-13,34788522.0,95.85
2022-12-14,26452939.0,95.31
2022-12-15,28298756.0,91.2
2022-12-16,48485507.0,90.86
2022-12-19,23020537.0,89.15
2022-12-20,21976846.0,89.63
2022-12-21,20336387.0,90.25
2022-12-22,23656066.0,88.26
2022-12-23,17815010.0,89.81
2022-12-27,15470870.0,87.93
2022-12-28,17879567.0,86.46
2022-12-29,18280660.0,88.95
2022-12-30,19190296.0,88.73
2023-01-03,20738457.0,89.7
2023-01-04,27046483.0,88.71
2023-01-05,23136084.0,86.77
2023-01-06,26612628.0,88.16
2023-01-09,22996681.0,88.8
2023-01-10,22855590.0,89.24
2023-01-11,25998844.0,92.26
2023-01-12,22754216.0,91.91
2023-01-13,18630709.0,92.8
2023-01-17,22935823.0,92.16
2023-01-18,19641622.0,91.78
2023-01-19,28707653.0,93.91
2023-01-20,53704763.0,99.28
2023-01-23,31791782.0,101.21
2023-01-24,27391372.0,99.21
2023-01-25,31000850.0,96.73
2023-01-26,24542060.0,99.16
2023-01-27,29020354.0,100.71
2023-01-30,24365142.0,97.95
2023-01-31,22306778.0,99.87
2023-02-01,26392568.0,101.43
2023-02-02,46622627.0,108.8
2023-02-03,36823421.0,105.22
2023-02-06,25573046.0,103.47
2023-02-07,33738828.0,108.04
2023-02-08,73546029.0,100.0
2023-02-09,97798573.0,95.46
2023-02-10,49325275.0,94.86
2023-02-13,43116559.0,95.0
2023-02-14,42513079.0,94.95
2023-02-15,37029885.0,97.1
2023-02-16,35642106.0,95.78
2023-02-17,31095067.0,94.59
2023-02-21,28367198.0,92.05
2023-02-22,29891135.0,91.8
2023-02-23,32423720.0,91.07
2023-02-24,31295619.0,89.35
2023-02-27,22724262.0,90.1
2023-02-28,30546912.0,90.3
2023-03-01,26323876.0,90.51
2023-03-02,23344562.0,92.31
2023-03-03,30242538.0,94.02
2023-03-06,28288206.0,95.58
2023-03-07,24101536.0,94.17
2023-03-08,25395200.0,94.65
2023-03-09,24438890.0,92.66
2023-03-10,32850092.0,91.01
2023-03-13,31508570.0,91.66
2023-03-14,32303881.0,94.25
2023-03-15,38367334.0,96.55
2023-03-16,54588200.0,101.07
2023-03-17,76140310.0,102.46
2023-03-20,26033916.0,101.93
2023-03-21,33122800.0,105.84
2023-03-22,32336877.0,104.22
2023-03-23,31385817.0,106.26
2023-03-24,25245010.0,106.06
2023-03-27,25393417.0,103.06
2023-03-28,24913480.0,101.36
2023-03-29,26148300.0,101.9
2023-03-30,25009829.0,101.32
2023-03-31,28107953.0,104.0
2023-04-03,20719861.0,104.91
2023-04-04,20377231.0,105.12
2023-04-05,21864200.0,104.95
2023-04-06,34684150.0,108.9
2023-04-10,19741517.0,106.95
2023-04-11,18721278.0,106.12
2023-04-12,22761569.0,105.22
2023-04-13,21650747.0,108.19
2023-04-14,20758686.0,109.46
2023-04-17,28978949.0,106.42
2023-04-18,17641369.0,105.12
2023-04-19,16732016.0,105.02
2023-04-20,22515331.0,105.9
2023-04-21,22379018.0,105.91
2023-04-24,21410908.0,106.78
2023-04-25,31408119.0,104.61
2023-04-26,36630202.0,104.45
2023-04-27,38235220.0,108.37
2023-04-28,23957872.0,108.22
2023-05-01,20926259.0,107.71
2023-05-02,20343116.0,105.98
2023-05-03,17116333.0,106.12
2023-05-04,19780637.0,105.21
2023-05-05,20710627.0,106.22
2023-05-08,17266021.0,108.24
2023-05-09,24782442.0,107.94
2023-05-10,47533463.0,112.28
2023-05-11,57115075.0,116.9
2023-05-12,31293778.0,117.92
2023-05-15,22107865.0,116.96
2023-05-16,32370113.0,120.09
2023-05-17,26659564.0,121.48
2023-05-18,27014468.0,123.52
2023-05-19,30268864.0,123.25
2023-05-22,29760236.0,125.87
2023-05-23,24477945.0,123.29
2023-05-24,23087925.0,121.64
2023-05-25,33812730.0,124.35
2023-05-26,25169036.0,125.43
2023-05-30,27230726.0,124.64
2023-05-31,41478777.0,123.37
2023-06-01,25017674.0,124.37
2023-06-02,19367453.0,125.23
2023-06-05,22672516.0,126.63
2023-06-06,19450128.0,127.91
2023-06-07,34179348.0,122.94
2023-06-08,24814996.0,122.67
2023-06-09,20313676.0,122.87
2023-06-12,22289632.0,124.35
2023-06-13,19287650.0,124.43
2023-06-14,24659620.0,124.38
2023-06-15,24517071.0,125.79
2023-06-16,56699200.0,124.06
2023-06-20,22698028.0,123.85
2023-06-21,22612002.0,121.26
2023-06-22,20781888.0,123.87
2023-06-23,29573123.0,123.02
2023-06-26,23184961.0,119.09
2023-06-27,27221714.0,119.01
2023-06-28,19753145.0,121.08
2023-06-29,18517458.0,120.01
2023-06-30,23871764.0,120.97
2023-07-03,13888262.0,120.56
2023-07-05,17830347.0,122.63
2023-07-06,17750181.0,120.93
2023-07-07,20997665.0,120.14
2023-07-10,32960078.0,116.87
2023-07-11,18286571.0,117.71
2023-07-12,22059611.0,119.62
2023-07-13,31535853.0,124.83
2023-07-14,20499780.0,125.7
2023-07-17,20675297.0,125.06
2023-07-18,21071248.0,124.08
2023-07-19,22313803.0,122.78
2023-07-20,27541711.0,119.53
2023-07-21,56514645.0,120.31
2023-07-24,22312220.0,121.88
2023-07-25,31820846.0,122.79
2023-07-26,46216895.0,129.66
2023-07-27,35931612.0,129.87
2023-07-28,26971011.0,133.01
2023-07-31,18381891.0,133.11
2023-08-01,22219012.0,131.89
2023-08-02,22705778.0,128.64
2023-08-03,15086132.0,128.77
2023-08-04,20521852.0,128.54
2023-08-07,17621041.0,131.94
2023-08-08,16835952.0,131.84
2023-08-09,17745218.0,130.15
2023-08-10,17855681.0,130.21
2023-08-11,15205465.0,130.17
2023-08-14,17526195.0,131.83
2023-08-15,14769173.0,130.27
2023-08-16,17548355.0,129.11
2023-08-17,23665562.0,130.46
2023-08-18,23627202.0,128.11
2023-08-21,21851070.0,128.93
2023-08-22,15569373.0,129.69
2023-08-23,26497027.0,133.21
2023-08-24,18680381.0,130.42
2023-08-25,20678096.0,130.69
2023-08-28,16715467.0,131.79
2023-08-29,30803265.0,135.49
2023-08-30,21773356.0,136.93
2023-08-31,28147850.0,137.35
2023-09-01,16671647.0,136.8
2023-09-05,17730218.0,136.71
2023-09-06,15814327.0,135.37
2023-09-07,16975956.0,136.2
2023-09-08,17820005.0,137.2
2023-09-11,17180755.0,137.74
2023-09-12,15212934.0,136.07
2023-09-13,16394915.0,137.5
2023-09-14,19064607.0,138.99
2023-09-15,48958837.0,138.3
2023-09-18,16233590.0,138.96
2023-09-19,15484644.0,138.83
2023-09-20,21473533.0,134.59
2023-09-21,22058375.0,131.36
2023-09-22,17355284.0,131.25
2023-09-25,14650032.0,132.17
2023-09-26,20378789.0,129.45
2023-09-27,18764201.0,131.46
2023-09-28,18201389.0,133.13
2023-09-29,23237336.0,131.85
2023-10-02,19210394.0,135.17
2023-10-03,19628736.0,133.3
2023-10-04,22847987.0,136.27
2023-10-05,15922944.0,135.99
2023-10-06,20826683.0,138.73
2023-10-09,16599099.0,139.5
2023-10-10,19554916.0,139.2
2023-10-11,20146341.0,141.7
2023-10-12,18173107.0,140.29
2023-10-13,19447565.0,138.58
2023-10-16,17345556.0,140.49
2023-10-17,17424024.0,140.99
2023-10-18,18304869.0,139.28
2023-10-19,21831181.0,138.98
2023-10-20,24970263.0,136.74
2023-10-23,20780665.0,137.9
2023-10-24,26535198.0,140.12
2023-10-25,58796067.0,126.67
2023-10-26,33907363.0,123.44
2023-10-27,37367673.0,123.4
2023-10-30,24165631.0,125.75
2023-10-31,21123418.0,125.3
2023-11-01,26536604.0,127.57
2023-11-02,24091672.0,128.58
2023-11-03,19529448.0,130.37
2023-11-06,15360362.0,131.45
2023-11-07,19223786.0,132.4
2023-11-08,15093598.0,133.26
2023-11-09,17976533.0,131.69
2023-11-10,20879838.0,134.06
2023-11-13,16409856.0,133.64
2023-11-14,22317345.0,135.43
2023-11-15,15840883.0,136.38
2023-11-16,17615068.0,138.7
2023-11-17,25590191.0,136.94
2023-11-20,19589006.0,137.92
2023-11-21,17648067.0,138.62
2023-11-22,17310209.0,140.02
2023-11-24,8828640.0,138.22
2023-11-27,17886389.0,138.05
2023-11-28,17046868.0,138.62
2023-11-29,21014715.0,136.4
2023-11-30,29913531.0,133.92
2023-12-01,24267987.0,133.32
2023-12-04,24117083.0,130.63
2023-12-05,19235145.0,132.39
2023-12-06,16265640.0,131.43
2023-12-07,38419426.0,138.45
2023-12-08,23016139.0,136.64
2023-12-11,24502860.0,134.7
2023-12-12,26583981.0,133.64
2023-12-13,25414461.0,133.97
2023-12-14,29619098.0,133.2
2023-12-15,58594004.0,133.84
2023-12-18,25699767.0,137.19
2023-12-19,20601632.0,138.1
2023-12-20,33507342.0,139.66
2023-12-21,18101476.0,141.8
2023-12-22,18513524.0,142.72
2023-12-26,11170066.0,142.82
2023-12-27,17261305.0,141.44
2023-12-28,12192549.0,141.28
2023-12-29,14880961.0,140.93
2024-01-02,20071885.0,139.56
2024-01-03,18974308.0,140.36
2024-01-04,18253331.0,138.04
2024-01-05,15140136.0,137.39
2024-01-08,17645293.0,140.53
2024-01-09,19579667.0,142.56
2024-01-10,16641881.0,143.8
2024-01-11,17471130.0,143.67
2024-01-12,13998729.0,144.24
2024-01-16,19198939.0,144.08
2024-01-17,17884548.0,142.89
2024-01-18,18876800.0,144.99
2024-01-19,27181032.0,147.97
2024-01-22,21829232.0,147.71
2024-01-23,14113649.0,148.68
2024-01-24,18892741.0,150.35
2024-01-25,21495120.0,153.64
2024-01-26,19494488.0,153.79
2024-01-29,20909258.0,154.84
2024-01-30,26578934.0,153.05
2024-01-31,43908584.0,141.8
2024-02-01,25526855.0,142.71
2024-02-02,42136127.0,143.54
2024-02-05,29254444.0,144.93
2024-02-06,21517655.0,145.41
2024-02-07,21436126.0,146.68
2024-02-08,18241319.0,147.22
2024-02-09,21877693.0,150.22
2024-02-12,17236108.0,148.73
2024-02-13,18138482.0,146.37
2024-02-14,16651824.0,147.14
2024-02-15,26724305.0,143.94
2024-02-16,21865118.0,141.76
2024-02-20,18625589.0,142.2
2024-02-21,16499584.0,143.84
2024-02-22,23024707.0,145.32
2024-02-23,14519434.0,145.29
2024-02-26,33513011.0,138.75
2024-02-27,22363981.0,140.1
2024-02-28,30628702.0,137.43
2024-02-29,35485006.0,139.78
2024-03-01,28551525.0,138.08
2024-03-04,43571510.0,134.2
2024-03-05,28447550.0,133.78
2024-03-06,23175200.0,132.56
2024-03-07,24107282.0,135.24
2024-03-08,26495160.0,136.29
2024-03-11,22462576.0,138.94
2024-03-12,18951920.0,139.62
2024-03-13,19589151.0,140.77
2024-03-14,35991108.0,144.34
2024-03-15,41039494.0,142.17
2024-03-18,47676689.0,148.48
2024-03-19,17748367.0,147.92
2024-03-20,17729996.0,149.68
2024-03-21,19843915.0,148.74
2024-03-22,19252925.0,151.77
2024-03-25,15114728.0,151.15
2024-03-26,19312694.0,151.7
2024-03-27,16621964.0,151.94
2024-03-28,21105628.0,152.26
2024-04-01,24416137.0,156.5
2024-04-02,17549140.0,155.87
2024-04-03,16984168.0,156.37
2024-04-04,23901697.0,151.94
2024-04-05,16212049.0,153.94
2024-04-08,16280924.0,156.14
2024-04-09,21435146.0,158.14
2024-04-10,16339174.0,157.66
2024-04-11,17841703.0,160.79
2024-04-12,16989765.0,159.19
2024-04-15,21140948.0,156.33
2024-04-16,15413201.0,156.0
2024-04-17,16237752.0,156.88
2024-04-18,14016065.0,157.46
2024-04-19,21479881.0,155.72
2024-04-22,17243870.0,157.95
2024-04-23,16115408.0,159.92
2024-04-24,19485694.0,161.1
2024-04-25,36197789.0,157.95
2024-04-26,56500787.0,173.69
2024-04-29,35914561.0,167.9
2024-04-30,29420755.0,164.64
2024-05-01,25223245.0,165.57
2024-05-02,17041119.0,168.46
2024-05-03,22767056.0,168.99
2024-05-06,15147906.0,169.83
2024-05-07,21102434.0,172.98
2024-05-08,14569858.0,171.16
2024-05-09,11937704.0,171.58
2024-05-10,18740458.0,170.29
2024-05-13,19648585.0,170.9
2024-05-14,18729463.0,171.93
2024-05-15,20958245.0,173.88
2024-05-16,17247311.0,175.43
2024-05-17,16546353.0,177.29
2024-05-20,17495122.0,178.46
2024-05-21,14706021.0,179.54
2024-05-22,16189404.0,178.0
2024-05-23,14928363.0,175.06
2024-05-24,11403560.0,176.33
2024-05-28,15655340.0,178.02
2024-05-29,15023847.0,177.4
2024-05-30,18844036.0,173.56
2024-05-31,28085151.0,173.96
2024-06-03,20742798.0,174.42
2024-06-04,14066602.0,175.13
2024-06-05,15233861.0,177.07
2024-06-06,14255818.0,178.35
2024-06-07,14716270.0,175.95
2024-06-10,17122247.0,176.63
2024-06-11,14402401.0,178.19
2024-06-12,18600421.0,179.56
2024-06-13,15956941.0,176.74
2024-06-14,12361571.0,178.37
2024-06-17,15272864.0,178.78
2024-06-18,15640257.0,176.45
2024-06-20,16753166.0,177.71
2024-06-21,59728019.0,180.26
2024-06-24,18198282.0,180.79
2024-06-25,18917734.0,185.58
2024-06-26,13375715.0,185.37
2024-06-27,13025656.0,186.86
2024-06-28,23032362.0,183.42
2024-07-01,11815862.0,184.49
2024-07-02,12555545.0,186.61
2024-07-03,7409106.0,187.39
2024-07-05,14303361.0,191.96
2024-07-08,12097611.0,190.48
2024-07-09,10224925.0,190.44
2024-07-10,12052906.0,192.66
2024-07-11,16451981.0,187.3
2024-07-12,14449113.0,186.78
2024-07-15,12186015.0,188.19
2024-07-16,12760102.0,185.5
2024-07-17,17376563.0,182.62
2024-07-18,17877197.0,179.22
2024-07-19,14485899.0,179.39
2024-07-22,16303896.0,183.35
2024-07-23,23772602.0,183.6
2024-07-24,31250683.0,174.37
2024-07-25,28967880.0,169.16
2024-07-26,25150116.0,168.68
2024-07-29,13768931.0,171.13
2024-07-30,13681418.0,171.86
2024-07-31,15650154.0,173.15
2024-08-01,17177833.0,172.45
2024-08-02,18907773.0,168.4
2024-08-05,34907815.0,160.64
2024-08-06,36146541.0,160.54
2024-08-07,19334246.0,160.75
2024-08-08,15733612.0,163.84
2024-08-09,13549230.0,165.39
2024-08-12,12434969.0,163.95
2024-08-13,12717628.0,165.93
2024-08-14,22515895.0,162.03
2024-08-15,18392452.0,163.17
2024-08-16,16853137.0,164.74
2024-08-19,13100762.0,168.4
2024-08-20,12622523.0,168.96
2024-08-21,15269550.0,167.63
2024-08-22,19123778.0,165.49
2024-08-23,14281621.0,167.43
2024-08-26,11990305.0,167.93
2024-08-27,13718162.0,166.38
2024-08-28,15208736.0,164.5
2024-08-29,17133830.0,163.4
2024-08-30,18498777.0,165.11
2024-09-03,26533110.0,158.61
2024-09-04,15942997.0,157.81
2024-09-05,14139501.0,158.6
2024-09-06,24999062.0,152.13
2024-09-09,28057746.0,149.54
2024-09-10,20401774.0,150.01
2024-09-11,18991486.0,152.15
2024-09-12,21024062.0,155.54
2024-09-13,16733908.0,158.37
2024-09-16,14157614.0,158.99
2024-09-17,12064790.0,160.28
2024-09-18,16756450.0,160.81
2024-09-19,17548190.0,163.24
2024-09-20,46362673.0,164.64
2024-09-23,15648446.0,163.07
2024-09-24,18774056.0,163.64
2024-09-25,13607892.0,162.99
2024-09-26,18234497.0,163.83
2024-09-27,13604261.0,165.29
2024-09-30,14083451.0,167.19
2024-10-01,18629506.0,168.42
2024-10-02,12744975.0,167.31
2024-10-03,11004333.0,167.21
2024-10-04,11435318.0,168.56
2024-10-07,14034722.0,164.39
2024-10-08,11723885.0,165.7
2024-10-09,19666411.0,163.06
2024-10-10,12900492.0,163.18
2024-10-11,10945971.0,164.52
2024-10-14,9981765.0,166.35
2024-10-15,14829338.0,166.9
2024-10-16,9968474.0,166.74
2024-10-17,15113356.0,164.51
2024-10-18,13091267.0,165.05
2024-10-21,11384047.0,165.8
2024-10-22,11958617.0,166.82
2024-10-23,12754283.0,164.48
2024-10-24,12764430.0,164.53
2024-10-25,14566410.0,166.99
2024-10-28,20858254.0,168.34
2024-10-29,28916106.0,171.14
2024-10-30,49698313.0,176.14
2024-10-31,32801898.0,172.69
2024-11-01,21752859.0,172.65
2024-11-04,16193994.0,170.68
2024-11-05,12518282.0,171.41
2024-11-06,27061510.0,178.33
2024-11-07,16730407.0,182.28
2024-11-08,15021549.0,179.86
2024-11-11,12503422.0,181.97
2024-11-12,14065845.0,183.32
2024-11-13,13969709.0,180.49
2024-11-14,17925763.0,177.35
2024-11-15,21708870.0,173.89
2024-11-18,18725422.0,176.8
2024-11-19,15392866.0,179.58
2024-11-20,15729806.0,177.33
2024-11-21,38839431.0,169.24
2024-11-22,24497042.0,166.57
2024-11-25,21395652.0,169.43
2024-11-26,14937478.0,170.62
2024-11-27,12433371.0,170.82
2024-11-29,9250712.0,170.49
2024-12-02,16593444.0,172.98
2024-12-03,15721483.0,173.02
2024-12-04,18239842.0,176.09
2024-12-05,16145520.0,174.31
2024-12-06,13319549.0,176.49
2024-12-09,19887786.0,177.1
2024-12-10,34317438.0,186.53
2024-12-11,41664489.0,196.71
2024-12-12,25197757.0,193.63
2024-12-13,18883217.0,191.38
2024-12-16,32248640.0,198.16
2024-12-17,24129481.0,197.12
2024-12-18,27638416.0,190.15
2024-12-19,26981196.0,189.7
2024-12-20,45319703.0,192.96
2024-12-23,15235942.0,195.99
2024-12-24,6809823.0,197.57
2024-12-26,7918434.0,197.1
2024-12-27,14692994.0,194.04
2024-12-30,12209534.0,192.69
2024-12-31,14355221.0,190.44
2025-01-02,17545162.0,190.63
2025-01-03,12874957.0,193.13
2025-01-06,19483323.0,197.96
2025-01-07,16966760.0,196.71
2025-01-08,14335341.0,195.39
2025-01-10,20753794.0,193.17
2025-01-13,13169060.0,192.29
2025-01-14,13651183.0,191.05
2025-01-15,12894875.0,196.98
2025-01-16,13449581.0,194.41
2025-01-17,22109129.0,197.55
2025-01-21,19005232.0,199.63
2025-01-22,15477376.0,200.03
2025-01-23,15170838.0,199.58
2025-01-24,12732376.0,201.9
2025-01-27,24970173.0,193.77
2025-01-28,15939161.0,197.07
2025-01-29,12287818.0,197.18
2025-01-30,14571479.0,202.63
2025-01-31,17087335.0,205.6
2025-02-03,16719469.0,202.64
2025-02-04,28285436.0,207.71
2025-02-05,43719589.0,193.3
2025-02-06,20816593.0,193.31
2025-02-07,29565724.0,187.14
2025-02-10,16606020.0,188.2
2025-02-11,13028100.0,187.07
2025-02-12,17632314.0,185.43
2025-02-13,12729334.0,187.88
2025-02-14,12714154.0,186.87
2025-02-18,19796028.0,185.8
2025-02-19,13120465.0,187.13
2025-02-20,12063807.0,186.64
2025-02-21,19520782.0,181.58
2025-02-24,18734014.0,181.19
2025-02-25,20832485.0,177.37
2025-02-26,23693251.0,174.7
2025-02-27,25930530.0,170.21
2025-02-28,30049812.0,172.22
2025-03-03,24121991.0,168.66
2025-03-04,30711408.0,172.61
2025-03-05,18848036.0,174.99
2025-03-06,19082404.0,174.21
2025-03-07,16395287.0,175.75
2025-03-10,28335500.0,167.81
2025-03-11,23705899.0,165.98
2025-03-12,19880062.0,169.0
2025-03-13,15206165.0,164.73
2025-03-14,18611094.0,167.62
2025-03-17,17839139.0,166.57
2025-03-18,24616784.0,162.67
2025-03-19,24955717.0,166.28
2025-03-20,19981512.0,165.05
2025-03-21,29882064.0,166.25
2025-03-24,18742848.0,169.93
2025-03-25,13841592.0,172.79
2025-03-26,22554236.0,167.14
2025-03-27,21571174.0,164.08
2025-03-28,34866462.0,156.06
2025-03-31,33591554.0,156.23
2025-04-01,20111376.0,158.88
2025-04-02,17113321.0,158.86
2025-04-03,28416065.0,152.63
2025-04-04,39832207.0,147.74
2025-04-07,47823024.0,149.24
2025-04-08,35304388.0,146.58
2025-04-09,46479542.0,161.06
2025-04-10,35270540.0,155.37
2025-04-11,22581989.0,159.4
2025-04-14,18255931.0,161.47
2025-04-15,15690783.0,158.68
2025-04-16,16921497.0,155.5
2025-04-17,19513408.0,153.36
2025-04-21,16147780.0,149.86
2025-04-22,15910327.0,153.9
2025-04-23,18575735.0,157.72
2025-04-24,30787481.0,161.47
2025-04-25,35148053.0,163.85
2025-04-28,20871153.0,162.42
2025-04-29,15955215.0,162.06
2025-04-30,20639520.0,160.89
2025-05-01,21904291.0,162.79
2025-05-02,16844937.0,165.81
2025-05-05,15309343.0,166.05
2025-05-06,10691949.0,165.2
2025-05-07,78900429.0,152.8
2025-05-08,38387507.0,155.75
2025-05-09,22871035.0,154.38
2025-05-12,31884901.0,159.58
2025-05-13,24944270.0,160.89
2025-05-14,31769209.0,166.81
2025-05-15,22717554.0,165.4
2025-05-16,36271378.0,167.43
2025-05-19,21374688.0,167.87
2025-05-20,33563274.0,165.32
2025-05-21,45567580.0,170.06
2025-05-22,45024081.0,171.98
2025-05-23,24963648.0,169.59
2025-05-27,24341333.0,173.98
2025-05-28,25999228.0,173.38
2025-05-29,21233590.0,172.96
2025-05-30,36258254.0,172.85
2025-06-02,24742877.0,170.37
2025-06-03,25386713.0,167.71
2025-06-04,18508735.0,169.39
2025-06-05,25422883.0,169.81
2025-06-06,22258115.0,174.92
2025-06-09,18817587.0,177.63
2025-06-10,32908000.0,180.01
2025-06-11,18994398.0,178.79
2025-06-12,17345924.0,176.97
2025-06-13,20873241.0,175.88
2025-06-16,18132529.0,177.94
2025-06-17,17656119.0,177.23
2025-06-18,32531762.0,173.98
